-- 유저 정보
insert into user_account (user_id, user_password, email, nickname, memo, created_by, modified_by, created_at, modified_at) values ('uno', '{noop}asdf1234', 'vdrewet0@constantcontact.com', 'Uno', 'Nullam orci pede, venenatis non, sodales sed, tincidunt eu, felis. Fusce posuere felis sed lacus. Morbi sem mauris, laoreet ut, rhoncus aliquet, pulvinar sed, nisl.', 'Kimberly', 'Vincenz', '2022-08-06 05:48:29', '2022-08-11 07:04:45');
insert into user_account (user_id, user_password, email, nickname, memo, created_by, modified_by, created_at, modified_at) values ('uno2', '{noop}asdf12342', 'vdrewet02@constantcontact.com', 'Uno2', 'Nullam orci pede, venenatis non, sodales sed, tincidunt eu, felis. Fusce posuere felis sed lacus. Morbi sem mauris, laoreet ut, rhoncus aliquet, pulvinar sed, nisl.', 'Kimberly', 'Vincenz2', '2022-08-06 05:48:29', '2022-08-11 07:04:45');

-- 게시글 150
insert into article (user_id, title, content, hashtag, created_by, modified_by, created_at, modified_at) values ('uno', 'Etiam justo.', 'Maecenas leo odio, condimentum id, luctus nec, molestie sed, justo. Pellentesque viverra pede ac diam. Cras pellentesque volutpat dui.', 'Orange', 'Lesya', 'Fae', '2022-08-29 03:42:52', '2022-05-16 10:13:18');
insert into article (user_id, title, content, hashtag, created_by, modified_by, created_at, modified_at) values ('uno', 'Proin risus.', 'Fusce consequat. Nulla nisl. Nunc nisl.', null, 'Marcille', 'Imogene', '2023-02-11 23:07:07', '2023-02-27 14:22:48');
insert into article (user_id, title, content, hashtag, created_by, modified_by, created_at, modified_at) values ('uno', 'Vivamus tortor.', 'Integer ac leo. Pellentesque ultrices mattis odio. Donec vitae nisi.', 'Crimson', 'Angil', 'Alaine', '2022-07-15 17:37:15', '2022-07-09 12:10:23');
insert into article (user_id, title, content, hashtag, created_by, modified_by, created_at, modified_at) values ('uno', 'Curabitur gravida nisi at nibh.', 'Cras mi pede, malesuada in, imperdiet et, commodo vulputate, justo. In blandit ultrices enim. Lorem ipsum dolor sit amet, consectetuer adipiscing elit.', 'Teal', 'Giff', 'Douglas', '2023-03-08 18:18:24', '2022-06-03 14:58:45');
insert into article (user_id, title, content, hashtag, created_by, modified_by, created_at, modified_at) values ('uno', 'Integer a nibh.', 'Suspendisse potenti. In eleifend quam a odio. In hac habitasse platea dictumst.', 'Blue', 'Wainwright', 'Elinor', '2022-12-13 16:46:50', '2022-11-16 18:52:06');
insert into article (user_id, title, content, hashtag, created_by, modified_by, created_at, modified_at) values ('uno', 'Cras non velit nec nisi vulputate nonummy.', 'Integer tincidunt ante vel ipsum. Praesent blandit lacinia erat. Vestibulum sed magna at nunc commodo placerat.', null, 'Doretta', 'Kathlin', '2022-05-01 01:22:31', '2023-02-15 19:29:50');
insert into article (user_id, title, content, hashtag, created_by, modified_by, created_at, modified_at) values ('uno', 'Praesent id massa id nisl venenatis lacinia.', 'Sed sagittis. Nam congue, risus semper porta volutpat, quam pede lobortis ligula, sit amet eleifend pede libero quis orci. Nullam molestie nibh in lectus.', null, 'Clevie', 'Ardisj', '2023-02-08 22:15:38', '2022-11-05 05:27:57');
insert into article (user_id, title, content, hashtag, created_by, modified_by, created_at, modified_at) values ('uno2', 'Sed accumsan felis.', 'Nullam porttitor lacus at turpis. Donec posuere metus vitae ipsum. Aliquam non mauris.', '#Red', 'Karmen', 'Ferrel', '2023-03-20 12:00:55', '2023-02-12 02:12:30');
insert into article (user_id, title, content, hashtag, created_by, modified_by, created_at, modified_at) values ('uno', 'Curabitur convallis.', 'In hac habitasse platea dictumst. Morbi vestibulum, velit id pretium iaculis, diam erat fermentum justo, nec condimentum neque sapien placerat ante. Nulla justo.', 'Teal', 'Jarrod', 'Lynn', '2022-05-24 01:58:07', '2022-07-28 02:19:14');
insert into article (user_id, title, content, hashtag, created_by, modified_by, created_at, modified_at) values ('uno', 'Nullam porttitor lacus at turpis.', 'Pellentesque at nulla. Suspendisse potenti. Cras in purus eu magna vulputate luctus.', null, 'Thea', 'Cami', '2022-08-22 09:24:13', '2023-02-04 01:38:54');
insert into article (user_id, title, content, hashtag, created_by, modified_by, created_at, modified_at) values ('uno', 'Integer pede justo, lacinia eget, tincidunt eget, tempus vel, pede.', 'Proin eu mi. Nulla ac enim. In tempor, turpis nec euismod scelerisque, quam turpis adipiscing lorem, vitae mattis nibh ligula nec sem.', null, 'Elora', 'Josi', '2022-08-29 03:25:13', '2022-07-12 20:11:35');
insert into article (user_id, title, content, hashtag, created_by, modified_by, created_at, modified_at) values ('uno', 'Quisque id justo sit amet sapien dignissim vestibulum.', 'Proin leo odio, porttitor id, consequat in, consequat ut, nulla. Sed accumsan felis. Ut at dolor quis odio consequat varius.', 'Violet', 'Gwenny', 'Jodi', '2022-06-29 04:46:42', '2022-11-26 19:53:28');
insert into article (user_id, title, content, hashtag, created_by, modified_by, created_at, modified_at) values ('uno', 'In quis justo.', 'Proin eu mi. Nulla ac enim. In tempor, turpis nec euismod scelerisque, quam turpis adipiscing lorem, vitae mattis nibh ligula nec sem.', 'Yellow', 'Bram', 'Jdavie', '2022-12-24 18:28:17', '2022-12-06 22:02:51');
insert into article (user_id, title, content, hashtag, created_by, modified_by, created_at, modified_at) values ('uno', 'Nullam varius.', 'Maecenas ut massa quis augue luctus tincidunt. Nulla mollis molestie lorem. Quisque ut erat.', null, 'Sollie', 'Birdie', '2022-05-05 19:21:37', '2022-07-03 15:56:40');
insert into article (user_id, title, content, hashtag, created_by, modified_by, created_at, modified_at) values ('uno', 'Suspendisse accumsan tortor quis turpis.', 'In hac habitasse platea dictumst. Etiam faucibus cursus urna. Ut tellus.', 'Mauv', 'Carolina', 'Jaquelin', '2022-08-23 22:18:43', '2022-09-30 06:34:48');
insert into article (user_id, title, content, hashtag, created_by, modified_by, created_at, modified_at) values ('uno', 'Integer aliquet, massa id lobortis convallis, tortor risus dapibus augue, vel accumsan tellus nisi eu orci.', 'Cras mi pede, malesuada in, imperdiet et, commodo vulputate, justo. In blandit ultrices enim. Lorem ipsum dolor sit amet, consectetuer adipiscing elit.', 'Indigo', 'Salvatore', 'Lanae', '2023-01-18 03:59:36', '2022-09-28 06:57:26');
insert into article (user_id, title, content, hashtag, created_by, modified_by, created_at, modified_at) values ('uno', 'Proin eu mi.', 'Duis consequat dui nec nisi volutpat eleifend. Donec ut dolor. Morbi vel lectus in quam fringilla rhoncus.', 'Teal', 'Reinald', 'Ermina', '2023-01-27 11:02:00', '2023-02-17 07:12:02');
insert into article (user_id, title, content, hashtag, created_by, modified_by, created_at, modified_at) values ('uno', 'Pellentesque ultrices mattis odio.', 'Maecenas tristique, est et tempus semper, est quam pharetra magna, ac consequat metus sapien ut nunc. Vestibulum ante ipsum primis in faucibus orci luctus et ultrices posuere cubilia Curae; Mauris viverra diam vitae quam. Suspendisse potenti.', 'Purple', 'Dode', 'Douglass', '2023-01-20 09:29:44', '2022-05-02 00:02:39');
insert into article (user_id, title, content, hashtag, created_by, modified_by, created_at, modified_at) values ('uno', 'Nullam sit amet turpis elementum ligula vehicula consequat.', 'Curabitur in libero ut massa volutpat convallis. Morbi odio odio, elementum eu, interdum eu, tincidunt in, leo. Maecenas pulvinar lobortis est.', 'Turquoise', 'Pattin', 'Vicky', '2022-10-17 01:24:28', '2022-09-11 07:47:23');
insert into article (user_id, title, content, hashtag, created_by, modified_by, created_at, modified_at) values ('uno', 'Integer pede justo, lacinia eget, tincidunt eget, tempus vel, pede.', 'Mauris enim leo, rhoncus sed, vestibulum sit amet, cursus id, turpis. Integer aliquet, massa id lobortis convallis, tortor risus dapibus augue, vel accumsan tellus nisi eu orci. Mauris lacinia sapien quis libero.', 'Pink', 'Alfy', 'Shermie', '2022-07-11 00:08:46', '2022-06-13 00:56:35');
insert into article (user_id, title, content, hashtag, created_by, modified_by, created_at, modified_at) values ('uno', 'Donec ut dolor.', 'Vestibulum quam sapien, varius ut, blandit non, interdum in, ante. Vestibulum ante ipsum primis in faucibus orci luctus et ultrices posuere cubilia Curae; Duis faucibus accumsan odio. Curabitur convallis.', 'Orange', 'Jeni', 'Kori', '2022-11-07 16:16:26', '2023-02-07 01:11:43');
insert into article (user_id, title, content, hashtag, created_by, modified_by, created_at, modified_at) values ('uno', 'Nunc purus.', 'Quisque id justo sit amet sapien dignissim vestibulum. Vestibulum ante ipsum primis in faucibus orci luctus et ultrices posuere cubilia Curae; Nulla dapibus dolor vel est. Donec odio justo, sollicitudin ut, suscipit a, feugiat et, eros.', 'Red', 'Quintina', 'Solly', '2022-09-16 00:58:15', '2022-04-04 03:10:36');
insert into article (user_id, title, content, hashtag, created_by, modified_by, created_at, modified_at) values ('uno', 'Donec quis orci eget orci vehicula condimentum.', 'In hac habitasse platea dictumst. Morbi vestibulum, velit id pretium iaculis, diam erat fermentum justo, nec condimentum neque sapien placerat ante. Nulla justo.', null, 'Latia', 'Nero', '2023-02-10 17:17:08', '2022-09-16 14:07:43');
insert into article (user_id, title, content, hashtag, created_by, modified_by, created_at, modified_at) values ('uno', 'Donec odio justo, sollicitudin ut, suscipit a, feugiat et, eros.', 'In sagittis dui vel nisl. Duis ac nibh. Fusce lacus purus, aliquet at, feugiat non, pretium quis, lectus.', 'Purple', 'Eldin', 'Florie', '2022-08-24 15:22:15', '2022-06-08 03:05:10');
insert into article (user_id, title, content, hashtag, created_by, modified_by, created_at, modified_at) values ('uno', 'Mauris sit amet eros.', 'Aenean fermentum. Donec ut mauris eget massa tempor convallis. Nulla neque libero, convallis eget, eleifend luctus, ultricies eu, nibh.', null, 'Twila', 'Rachael', '2022-04-07 11:20:40', '2022-04-15 06:53:31');
insert into article (user_id, title, content, hashtag, created_by, modified_by, created_at, modified_at) values ('uno', 'Fusce posuere felis sed lacus.', 'In hac habitasse platea dictumst. Etiam faucibus cursus urna. Ut tellus.', null, 'Nancee', 'Alon', '2022-12-17 13:10:15', '2022-06-20 23:15:45');
insert into article (user_id, title, content, hashtag, created_by, modified_by, created_at, modified_at) values ('uno', 'Donec ut dolor.', 'Nam ultrices, libero non mattis pulvinar, nulla pede ullamcorper augue, a suscipit nulla elit ac nulla. Sed vel enim sit amet nunc viverra dapibus. Nulla suscipit ligula in lacus.', null, 'Hasty', 'Patti', '2023-01-15 17:32:50', '2022-11-06 01:47:35');
insert into article (user_id, title, content, hashtag, created_by, modified_by, created_at, modified_at) values ('uno', 'Vestibulum rutrum rutrum neque.', 'Morbi porttitor lorem id ligula. Suspendisse ornare consequat lectus. In est risus, auctor sed, tristique in, tempus sit amet, sem.', 'Goldenrod', 'Leanna', 'Nathanial', '2022-07-28 04:56:08', '2022-05-10 13:55:03');
insert into article (user_id, title, content, hashtag, created_by, modified_by, created_at, modified_at) values ('uno', 'Nulla neque libero, convallis eget, eleifend luctus, ultricies eu, nibh.', 'Suspendisse potenti. In eleifend quam a odio. In hac habitasse platea dictumst.', 'Khaki', 'Luther', 'Carri', '2022-07-23 21:16:23', '2022-08-08 23:06:12');
insert into article (user_id, title, content, hashtag, created_by, modified_by, created_at, modified_at) values ('uno', 'Curabitur in libero ut massa volutpat convallis.', 'Curabitur at ipsum ac tellus semper interdum. Mauris ullamcorper purus sit amet nulla. Quisque arcu libero, rutrum ac, lobortis vel, dapibus at, diam.', null, 'Lanni', 'Maggi', '2022-09-29 03:39:29', '2022-08-23 22:11:48');
insert into article (user_id, title, content, hashtag, created_by, modified_by, created_at, modified_at) values ('uno', 'Maecenas tincidunt lacus at velit.', 'Lorem ipsum dolor sit amet, consectetuer adipiscing elit. Proin risus. Praesent lectus.', null, 'Livy', 'Moria', '2022-09-15 17:53:27', '2022-09-27 23:07:29');
insert into article (user_id, title, content, hashtag, created_by, modified_by, created_at, modified_at) values ('uno', 'Vestibulum ante ipsum primis in faucibus orci luctus et ultrices posuere cubilia Curae; Duis faucibus accumsan odio.', 'Nulla ut erat id mauris vulputate elementum. Nullam varius. Nulla facilisi.', 'Teal', 'Daune', 'Kelby', '2022-09-09 16:13:25', '2022-04-30 16:23:08');
insert into article (user_id, title, content, hashtag, created_by, modified_by, created_at, modified_at) values ('uno', 'Integer ac leo.', 'Aliquam quis turpis eget elit sodales scelerisque. Mauris sit amet eros. Suspendisse accumsan tortor quis turpis.', 'Khaki', 'Lisa', 'Elisabetta', '2023-01-02 22:48:47', '2022-08-09 19:27:02');
insert into article (user_id, title, content, hashtag, created_by, modified_by, created_at, modified_at) values ('uno', 'Nam congue, risus semper porta volutpat, quam pede lobortis ligula, sit amet eleifend pede libero quis orci.', 'Vestibulum quam sapien, varius ut, blandit non, interdum in, ante. Vestibulum ante ipsum primis in faucibus orci luctus et ultrices posuere cubilia Curae; Duis faucibus accumsan odio. Curabitur convallis.', 'Violet', 'Elaine', 'Wilhelm', '2022-12-08 06:16:30', '2022-04-09 18:52:15');
insert into article (user_id, title, content, hashtag, created_by, modified_by, created_at, modified_at) values ('uno', 'Vivamus metus arcu, adipiscing molestie, hendrerit at, vulputate vitae, nisl.', 'Aliquam quis turpis eget elit sodales scelerisque. Mauris sit amet eros. Suspendisse accumsan tortor quis turpis.', 'Orange', 'Genovera', 'Kent', '2023-02-24 01:36:00', '2022-11-29 04:47:17');
insert into article (user_id, title, content, hashtag, created_by, modified_by, created_at, modified_at) values ('uno', 'Duis at velit eu est congue elementum.', 'Pellentesque at nulla. Suspendisse potenti. Cras in purus eu magna vulputate luctus.', 'Violet', 'Harrietta', 'Erwin', '2022-08-27 00:35:02', '2023-01-27 18:42:01');
insert into article (user_id, title, content, hashtag, created_by, modified_by, created_at, modified_at) values ('uno', 'Nulla tempus.', 'Nullam sit amet turpis elementum ligula vehicula consequat. Morbi a ipsum. Integer a nibh.', 'Teal', 'Katusha', 'Elisabetta', '2022-04-12 16:40:03', '2022-09-27 08:35:05');
insert into article (user_id, title, content, hashtag, created_by, modified_by, created_at, modified_at) values ('uno', 'Quisque erat eros, viverra eget, congue eget, semper rutrum, nulla.', 'Quisque porta volutpat erat. Quisque erat eros, viverra eget, congue eget, semper rutrum, nulla. Nunc purus.', 'Yellow', 'Bancroft', 'Lorianna', '2022-11-10 02:59:25', '2023-03-16 14:41:35');
insert into article (user_id, title, content, hashtag, created_by, modified_by, created_at, modified_at) values ('uno', 'Duis aliquam convallis nunc.', 'Integer ac leo. Pellentesque ultrices mattis odio. Donec vitae nisi.', null, 'Godart', 'Cassy', '2022-03-27 18:39:12', '2022-11-10 22:05:08');
insert into article (user_id, title, content, hashtag, created_by, modified_by, created_at, modified_at) values ('uno2', 'Lorem ipsum dolor sit amet, consectetuer adipiscing elit.', 'Curabitur in libero ut massa volutpat convallis. Morbi odio odio, elementum eu, interdum eu, tincidunt in, leo. Maecenas pulvinar lobortis est.', 'Pink', 'Jethro', 'Karil', '2022-07-19 22:54:39', '2022-08-19 03:07:43');
insert into article (user_id, title, content, hashtag, created_by, modified_by, created_at, modified_at) values ('uno2', 'Maecenas ut massa quis augue luctus tincidunt.', 'Maecenas tristique, est et tempus semper, est quam pharetra magna, ac consequat metus sapien ut nunc. Vestibulum ante ipsum primis in faucibus orci luctus et ultrices posuere cubilia Curae; Mauris viverra diam vitae quam. Suspendisse potenti.', 'Purple', 'Selle', 'Katuscha', '2023-01-31 01:12:24', '2022-06-17 07:37:56');
insert into article (user_id, title, content, hashtag, created_by, modified_by, created_at, modified_at) values ('uno2', 'In congue.', 'Suspendisse potenti. In eleifend quam a odio. In hac habitasse platea dictumst.', 'Crimson', 'Isa', 'Hyacinthie', '2023-02-04 04:33:34', '2022-11-29 05:21:50');
insert into article (user_id, title, content, hashtag, created_by, modified_by, created_at, modified_at) values ('uno2', 'Nam tristique tortor eu pede.', 'Morbi porttitor lorem id ligula. Suspendisse ornare consequat lectus. In est risus, auctor sed, tristique in, tempus sit amet, sem.', 'Red', 'Camille', 'Corene', '2022-09-24 23:12:20', '2022-07-14 22:55:40');
insert into article (user_id, title, content, hashtag, created_by, modified_by, created_at, modified_at) values ('uno2', 'Duis ac nibh.', 'In quis justo. Maecenas rhoncus aliquam lacus. Morbi quis tortor id nulla ultrices aliquet.', 'Goldenrod', 'Selle', 'Vere', '2022-06-17 17:35:35', '2022-07-30 22:59:37');
insert into article (user_id, title, content, hashtag, created_by, modified_by, created_at, modified_at) values ('uno', 'Suspendisse accumsan tortor quis turpis.', 'Vestibulum ac est lacinia nisi venenatis tristique. Fusce congue, diam id ornare imperdiet, sapien urna pretium nisl, ut volutpat sapien arcu sed augue. Aliquam erat volutpat.', null, 'Angeli', 'Oates', '2022-05-12 04:55:49', '2022-05-06 02:31:01');
insert into article (user_id, title, content, hashtag, created_by, modified_by, created_at, modified_at) values ('uno', 'Aliquam quis turpis eget elit sodales scelerisque.', 'Cum sociis natoque penatibus et magnis dis parturient montes, nascetur ridiculus mus. Vivamus vestibulum sagittis sapien. Cum sociis natoque penatibus et magnis dis parturient montes, nascetur ridiculus mus.', 'Violet', 'Ware', 'Courtney', '2022-11-19 15:23:38', '2022-05-11 21:13:56');
insert into article (user_id, title, content, hashtag, created_by, modified_by, created_at, modified_at) values ('uno', 'Vivamus in felis eu sapien cursus vestibulum.', 'Duis bibendum. Morbi non quam nec dui luctus rutrum. Nulla tellus.', 'Khaki', 'Moe', 'Lethia', '2023-01-25 22:44:36', '2022-04-19 16:15:24');
insert into article (user_id, title, content, hashtag, created_by, modified_by, created_at, modified_at) values ('uno', 'Morbi vestibulum, velit id pretium iaculis, diam erat fermentum justo, nec condimentum neque sapien placerat ante.', 'Nam ultrices, libero non mattis pulvinar, nulla pede ullamcorper augue, a suscipit nulla elit ac nulla. Sed vel enim sit amet nunc viverra dapibus. Nulla suscipit ligula in lacus.', 'Indigo', 'Alisun', 'Olivia', '2023-01-30 16:00:06', '2022-12-13 11:57:27');
insert into article (user_id, title, content, hashtag, created_by, modified_by, created_at, modified_at) values ('uno', 'Suspendisse potenti.', 'Integer tincidunt ante vel ipsum. Praesent blandit lacinia erat. Vestibulum sed magna at nunc commodo placerat.', 'Purple', 'Esta', 'Frasquito', '2022-09-01 09:00:58', '2022-03-30 10:15:47');
insert into article (user_id, title, content, hashtag, created_by, modified_by, created_at, modified_at) values ('uno', 'Nullam varius.', 'Donec diam neque, vestibulum eget, vulputate ut, ultrices vel, augue. Vestibulum ante ipsum primis in faucibus orci luctus et ultrices posuere cubilia Curae; Donec pharetra, magna vestibulum aliquet ultrices, erat tortor sollicitudin mi, sit amet lobortis sapien sapien non mi. Integer ac neque.', 'Blue', 'Silvie', 'Zechariah', '2022-10-31 16:48:16', '2022-12-03 03:17:02');
insert into article (user_id, title, content, hashtag, created_by, modified_by, created_at, modified_at) values ('uno', 'Ut tellus.', 'Suspendisse potenti. In eleifend quam a odio. In hac habitasse platea dictumst.', 'Teal', 'Aaron', 'Dorisa', '2022-07-01 11:23:35', '2022-09-06 20:59:12');
insert into article (user_id, title, content, hashtag, created_by, modified_by, created_at, modified_at) values ('uno', 'Pellentesque viverra pede ac diam.', 'Sed ante. Vivamus tortor. Duis mattis egestas metus.', null, 'Mill', 'Muhammad', '2022-11-15 18:46:50', '2022-07-01 07:20:14');
insert into article (user_id, title, content, hashtag, created_by, modified_by, created_at, modified_at) values ('uno', 'Morbi non quam nec dui luctus rutrum.', 'Vestibulum ac est lacinia nisi venenatis tristique. Fusce congue, diam id ornare imperdiet, sapien urna pretium nisl, ut volutpat sapien arcu sed augue. Aliquam erat volutpat.', 'Yellow', 'Timotheus', 'Prinz', '2022-07-14 19:36:21', '2022-06-30 07:53:15');
insert into article (user_id, title, content, hashtag, created_by, modified_by, created_at, modified_at) values ('uno', 'Morbi odio odio, elementum eu, interdum eu, tincidunt in, leo.', 'Cras non velit nec nisi vulputate nonummy. Maecenas tincidunt lacus at velit. Vivamus vel nulla eget eros elementum pellentesque.', null, 'Mike', 'Evy', '2022-11-28 11:45:42', '2022-07-15 00:28:07');
insert into article (user_id, title, content, hashtag, created_by, modified_by, created_at, modified_at) values ('uno', 'Vestibulum ante ipsum primis in faucibus orci luctus et ultrices posuere cubilia Curae; Mauris viverra diam vitae quam.', 'Curabitur gravida nisi at nibh. In hac habitasse platea dictumst. Aliquam augue quam, sollicitudin vitae, consectetuer eget, rutrum at, lorem.', 'Puce', 'Monro', 'Addison', '2023-03-03 12:52:57', '2022-08-07 09:31:11');
insert into article (user_id, title, content, hashtag, created_by, modified_by, created_at, modified_at) values ('uno', 'Proin eu mi.', 'Fusce posuere felis sed lacus. Morbi sem mauris, laoreet ut, rhoncus aliquet, pulvinar sed, nisl. Nunc rhoncus dui vel sem.', null, 'Brittni', 'Judy', '2022-09-14 12:52:16', '2023-03-10 06:23:37');
insert into article (user_id, title, content, hashtag, created_by, modified_by, created_at, modified_at) values ('uno', 'Vestibulum sed magna at nunc commodo placerat.', 'Nulla ut erat id mauris vulputate elementum. Nullam varius. Nulla facilisi.', 'Turquoise', 'Travis', 'Harcourt', '2022-07-03 03:31:36', '2022-04-04 19:38:46');
insert into article (user_id, title, content, hashtag, created_by, modified_by, created_at, modified_at) values ('uno', 'Quisque erat eros, viverra eget, congue eget, semper rutrum, nulla.', 'Nam ultrices, libero non mattis pulvinar, nulla pede ullamcorper augue, a suscipit nulla elit ac nulla. Sed vel enim sit amet nunc viverra dapibus. Nulla suscipit ligula in lacus.', null, 'Sheffie', 'Valle', '2022-11-11 12:43:29', '2023-01-02 20:36:52');
insert into article (user_id, title, content, hashtag, created_by, modified_by, created_at, modified_at) values ('uno', 'Curabitur at ipsum ac tellus semper interdum.', 'Aliquam quis turpis eget elit sodales scelerisque. Mauris sit amet eros. Suspendisse accumsan tortor quis turpis.', 'Indigo', 'Codie', 'Luisa', '2022-09-06 23:59:43', '2022-10-19 10:35:08');
insert into article (user_id, title, content, hashtag, created_by, modified_by, created_at, modified_at) values ('uno', 'In congue.', 'Mauris enim leo, rhoncus sed, vestibulum sit amet, cursus id, turpis. Integer aliquet, massa id lobortis convallis, tortor risus dapibus augue, vel accumsan tellus nisi eu orci. Mauris lacinia sapien quis libero.', 'Blue', 'Kassie', 'Augustine', '2022-07-16 19:43:53', '2022-04-24 03:27:29');
insert into article (user_id, title, content, hashtag, created_by, modified_by, created_at, modified_at) values ('uno', 'Sed ante.', 'In congue. Etiam justo. Etiam pretium iaculis justo.', 'Orange', 'Kris', 'Lemmie', '2022-09-08 10:17:21', '2023-02-17 10:29:02');
insert into article (user_id, title, content, hashtag, created_by, modified_by, created_at, modified_at) values ('uno', 'Vestibulum ante ipsum primis in faucibus orci luctus et ultrices posuere cubilia Curae; Mauris viverra diam vitae quam.', 'In quis justo. Maecenas rhoncus aliquam lacus. Morbi quis tortor id nulla ultrices aliquet.', 'Aquamarine', 'Katalin', 'Karyn', '2022-11-15 06:12:56', '2022-11-25 11:39:56');
insert into article (user_id, title, content, hashtag, created_by, modified_by, created_at, modified_at) values ('uno', 'In hac habitasse platea dictumst.', 'Morbi porttitor lorem id ligula. Suspendisse ornare consequat lectus. In est risus, auctor sed, tristique in, tempus sit amet, sem.', 'Red', 'Helga', 'Carrie', '2023-03-14 07:39:18', '2022-07-31 02:52:32');
insert into article (user_id, title, content, hashtag, created_by, modified_by, created_at, modified_at) values ('uno', 'Donec posuere metus vitae ipsum.', 'Lorem ipsum dolor sit amet, consectetuer adipiscing elit. Proin risus. Praesent lectus.', null, 'Gabi', 'Beitris', '2022-08-11 23:35:51', '2022-07-07 00:38:20');
insert into article (user_id, title, content, hashtag, created_by, modified_by, created_at, modified_at) values ('uno', 'Aliquam sit amet diam in magna bibendum imperdiet.', 'Cum sociis natoque penatibus et magnis dis parturient montes, nascetur ridiculus mus. Vivamus vestibulum sagittis sapien. Cum sociis natoque penatibus et magnis dis parturient montes, nascetur ridiculus mus.', 'Fuscia', 'Judith', 'Dame', '2022-06-03 19:35:48', '2022-06-21 23:36:35');
insert into article (user_id, title, content, hashtag, created_by, modified_by, created_at, modified_at) values ('uno2', 'Sed ante.', 'In sagittis dui vel nisl. Duis ac nibh. Fusce lacus purus, aliquet at, feugiat non, pretium quis, lectus.', 'Purple', 'Farra', 'Shea', '2022-11-18 11:31:03', '2023-02-01 22:06:43');
insert into article (user_id, title, content, hashtag, created_by, modified_by, created_at, modified_at) values ('uno2', 'In congue.', 'Pellentesque at nulla. Suspendisse potenti. Cras in purus eu magna vulputate luctus.', null, 'Therese', 'Orbadiah', '2022-10-11 14:07:05', '2023-01-02 17:21:28');
insert into article (user_id, title, content, hashtag, created_by, modified_by, created_at, modified_at) values ('uno', 'In tempor, turpis nec euismod scelerisque, quam turpis adipiscing lorem, vitae mattis nibh ligula nec sem.', 'Proin eu mi. Nulla ac enim. In tempor, turpis nec euismod scelerisque, quam turpis adipiscing lorem, vitae mattis nibh ligula nec sem.', 'Crimson', 'Welby', 'Otes', '2023-01-15 06:26:29', '2022-08-25 04:18:48');
insert into article (user_id, title, content, hashtag, created_by, modified_by, created_at, modified_at) values ('uno', 'Quisque ut erat.', 'Integer tincidunt ante vel ipsum. Praesent blandit lacinia erat. Vestibulum sed magna at nunc commodo placerat.', 'Pink', 'Morten', 'Annabelle', '2022-04-16 02:40:59', '2023-02-12 01:26:23');
insert into article (user_id, title, content, hashtag, created_by, modified_by, created_at, modified_at) values ('uno', 'Duis aliquam convallis nunc.', 'In sagittis dui vel nisl. Duis ac nibh. Fusce lacus purus, aliquet at, feugiat non, pretium quis, lectus.', 'Green', 'Gabey', 'Lemmie', '2022-04-28 16:09:20', '2022-05-01 20:44:48');
insert into article (user_id, title, content, hashtag, created_by, modified_by, created_at, modified_at) values ('uno', 'Nunc rhoncus dui vel sem.', 'Duis bibendum. Morbi non quam nec dui luctus rutrum. Nulla tellus.', 'Puce', 'Roddy', 'Bradley', '2022-09-08 10:13:06', '2022-09-06 21:05:57');
insert into article (user_id, title, content, hashtag, created_by, modified_by, created_at, modified_at) values ('uno', 'Nam nulla.', 'Curabitur in libero ut massa volutpat convallis. Morbi odio odio, elementum eu, interdum eu, tincidunt in, leo. Maecenas pulvinar lobortis est.', 'Aquamarine', 'Willie', 'Andie', '2022-12-29 10:17:25', '2022-11-23 23:18:10');
insert into article (user_id, title, content, hashtag, created_by, modified_by, created_at, modified_at) values ('uno', 'Nulla nisl.', 'Vestibulum ac est lacinia nisi venenatis tristique. Fusce congue, diam id ornare imperdiet, sapien urna pretium nisl, ut volutpat sapien arcu sed augue. Aliquam erat volutpat.', 'Fuscia', 'Dorris', 'Edd', '2023-02-06 01:01:17', '2022-07-17 18:20:11');
insert into article (user_id, title, content, hashtag, created_by, modified_by, created_at, modified_at) values ('uno2', 'Morbi ut odio.', 'Praesent id massa id nisl venenatis lacinia. Aenean sit amet justo. Morbi ut odio.', 'Turquoise', 'Chrisy', 'Tarah', '2023-03-19 05:08:58', '2022-08-18 23:48:41');
insert into article (user_id, title, content, hashtag, created_by, modified_by, created_at, modified_at) values ('uno2', 'Mauris enim leo, rhoncus sed, vestibulum sit amet, cursus id, turpis.', 'Fusce consequat. Nulla nisl. Nunc nisl.', null, 'Odetta', 'Heidie', '2022-04-13 01:01:16', '2022-10-31 02:53:01');
insert into article (user_id, title, content, hashtag, created_by, modified_by, created_at, modified_at) values ('uno', 'Cras non velit nec nisi vulputate nonummy.', 'Quisque porta volutpat erat. Quisque erat eros, viverra eget, congue eget, semper rutrum, nulla. Nunc purus.', 'Turquoise', 'Lucky', 'Rae', '2023-01-27 09:11:03', '2022-08-19 09:54:26');
insert into article (user_id, title, content, hashtag, created_by, modified_by, created_at, modified_at) values ('uno', 'Vivamus vestibulum sagittis sapien.', 'Cras non velit nec nisi vulputate nonummy. Maecenas tincidunt lacus at velit. Vivamus vel nulla eget eros elementum pellentesque.', 'Maroon', 'Denys', 'Karlen', '2022-05-12 01:55:59', '2023-01-06 17:14:06');
insert into article (user_id, title, content, hashtag, created_by, modified_by, created_at, modified_at) values ('uno', 'Vivamus vel nulla eget eros elementum pellentesque.', 'Sed sagittis. Nam congue, risus semper porta volutpat, quam pede lobortis ligula, sit amet eleifend pede libero quis orci. Nullam molestie nibh in lectus.', 'Maroon', 'Mathias', 'Giffie', '2023-03-08 13:39:51', '2022-09-19 17:07:58');
insert into article (user_id, title, content, hashtag, created_by, modified_by, created_at, modified_at) values ('uno', 'Maecenas tristique, est et tempus semper, est quam pharetra magna, ac consequat metus sapien ut nunc.', 'Cras mi pede, malesuada in, imperdiet et, commodo vulputate, justo. In blandit ultrices enim. Lorem ipsum dolor sit amet, consectetuer adipiscing elit.', 'Goldenrod', 'Vern', 'Sheena', '2022-12-03 10:17:22', '2023-01-24 10:02:03');
insert into article (user_id, title, content, hashtag, created_by, modified_by, created_at, modified_at) values ('uno', 'In quis justo.', 'Duis bibendum, felis sed interdum venenatis, turpis enim blandit mi, in porttitor pede justo eu massa. Donec dapibus. Duis at velit eu est congue elementum.', null, 'Winthrop', 'Jerri', '2022-08-01 00:05:59', '2022-04-05 17:12:56');
insert into article (user_id, title, content, hashtag, created_by, modified_by, created_at, modified_at) values ('uno', 'Aliquam erat volutpat.', 'Fusce posuere felis sed lacus. Morbi sem mauris, laoreet ut, rhoncus aliquet, pulvinar sed, nisl. Nunc rhoncus dui vel sem.', 'Pink', 'Ortensia', 'Aubrey', '2022-04-14 12:51:41', '2022-10-18 01:37:27');
insert into article (user_id, title, content, hashtag, created_by, modified_by, created_at, modified_at) values ('uno', 'Nullam molestie nibh in lectus.', 'Fusce consequat. Nulla nisl. Nunc nisl.', null, 'Jard', 'Adelheid', '2022-12-19 05:25:41', '2022-03-28 09:38:33');
insert into article (user_id, title, content, hashtag, created_by, modified_by, created_at, modified_at) values ('uno', 'Aliquam erat volutpat.', 'Proin leo odio, porttitor id, consequat in, consequat ut, nulla. Sed accumsan felis. Ut at dolor quis odio consequat varius.', 'Puce', 'Elbertina', 'Roanna', '2022-08-04 21:32:25', '2022-11-21 22:43:14');
insert into article (user_id, title, content, hashtag, created_by, modified_by, created_at, modified_at) values ('uno', 'Curabitur in libero ut massa volutpat convallis.', 'Sed ante. Vivamus tortor. Duis mattis egestas metus.', 'Yellow', 'Beckie', 'Mirilla', '2022-12-25 07:52:58', '2022-10-27 00:14:46');
insert into article (user_id, title, content, hashtag, created_by, modified_by, created_at, modified_at) values ('uno', 'Integer non velit.', 'Mauris enim leo, rhoncus sed, vestibulum sit amet, cursus id, turpis. Integer aliquet, massa id lobortis convallis, tortor risus dapibus augue, vel accumsan tellus nisi eu orci. Mauris lacinia sapien quis libero.', null, 'Kermit', 'Haley', '2022-11-09 18:28:11', '2022-05-20 03:07:33');
insert into article (user_id, title, content, hashtag, created_by, modified_by, created_at, modified_at) values ('uno', 'Aliquam erat volutpat.', 'Quisque porta volutpat erat. Quisque erat eros, viverra eget, congue eget, semper rutrum, nulla. Nunc purus.', 'Blue', 'Alexandro', 'Nicholle', '2022-09-03 10:36:32', '2022-08-08 14:36:02');
insert into article (user_id, title, content, hashtag, created_by, modified_by, created_at, modified_at) values ('uno', 'Morbi non lectus.', 'Quisque id justo sit amet sapien dignissim vestibulum. Vestibulum ante ipsum primis in faucibus orci luctus et ultrices posuere cubilia Curae; Nulla dapibus dolor vel est. Donec odio justo, sollicitudin ut, suscipit a, feugiat et, eros.', 'Goldenrod', 'Cob', 'Tessy', '2022-11-03 05:08:06', '2022-08-09 18:06:37');
insert into article (user_id, title, content, hashtag, created_by, modified_by, created_at, modified_at) values ('uno', 'Nullam varius.', 'In sagittis dui vel nisl. Duis ac nibh. Fusce lacus purus, aliquet at, feugiat non, pretium quis, lectus.', 'Khaki', 'Bonnee', 'Hilda', '2022-12-31 08:52:18', '2022-12-25 21:38:31');
insert into article (user_id, title, content, hashtag, created_by, modified_by, created_at, modified_at) values ('uno', 'Cras in purus eu magna vulputate luctus.', 'Curabitur in libero ut massa volutpat convallis. Morbi odio odio, elementum eu, interdum eu, tincidunt in, leo. Maecenas pulvinar lobortis est.', 'Red', 'Claretta', 'Tristam', '2022-11-30 11:11:39', '2022-07-31 21:36:34');
insert into article (user_id, title, content, hashtag, created_by, modified_by, created_at, modified_at) values ('uno', 'Nulla ac enim.', 'In hac habitasse platea dictumst. Etiam faucibus cursus urna. Ut tellus.', 'Turquoise', 'Oralla', 'Berti', '2023-03-10 05:48:03', '2022-05-02 05:39:04');
insert into article (user_id, title, content, hashtag, created_by, modified_by, created_at, modified_at) values ('uno', 'Pellentesque ultrices mattis odio.', 'Fusce posuere felis sed lacus. Morbi sem mauris, laoreet ut, rhoncus aliquet, pulvinar sed, nisl. Nunc rhoncus dui vel sem.', 'Red', 'Lannie', 'Lyn', '2023-03-11 11:22:16', '2022-05-24 15:22:41');
insert into article (user_id, title, content, hashtag, created_by, modified_by, created_at, modified_at) values ('uno', 'Morbi non lectus.', 'Suspendisse potenti. In eleifend quam a odio. In hac habitasse platea dictumst.', 'Blue', 'Nana', 'Tiena', '2022-05-12 06:06:17', '2022-11-06 02:09:35');
insert into article (user_id, title, content, hashtag, created_by, modified_by, created_at, modified_at) values ('uno', 'Morbi porttitor lorem id ligula.', 'Suspendisse potenti. In eleifend quam a odio. In hac habitasse platea dictumst.', null, 'Lonee', 'Dollie', '2022-10-14 03:21:47', '2022-11-21 19:35:18');
insert into article (user_id, title, content, hashtag, created_by, modified_by, created_at, modified_at) values ('uno', 'In blandit ultrices enim.', 'Aliquam quis turpis eget elit sodales scelerisque. Mauris sit amet eros. Suspendisse accumsan tortor quis turpis.', 'Yellow', 'Estella', 'Marianna', '2023-03-18 03:26:09', '2022-11-25 00:22:10');
insert into article (user_id, title, content, hashtag, created_by, modified_by, created_at, modified_at) values ('uno', 'Nulla ut erat id mauris vulputate elementum.', 'Mauris enim leo, rhoncus sed, vestibulum sit amet, cursus id, turpis. Integer aliquet, massa id lobortis convallis, tortor risus dapibus augue, vel accumsan tellus nisi eu orci. Mauris lacinia sapien quis libero.', 'Khaki', 'Kally', 'Cary', '2022-10-21 18:08:48', '2022-06-21 15:06:54');
insert into article (user_id, title, content, hashtag, created_by, modified_by, created_at, modified_at) values ('uno', 'Duis bibendum, felis sed interdum venenatis, turpis enim blandit mi, in porttitor pede justo eu massa.', 'Aenean lectus. Pellentesque eget nunc. Donec quis orci eget orci vehicula condimentum.', 'Green', 'Honor', 'Mead', '2022-05-09 05:18:30', '2022-10-19 18:25:22');
insert into article (user_id, title, content, hashtag, created_by, modified_by, created_at, modified_at) values ('uno', 'Duis aliquam convallis nunc.', 'Curabitur in libero ut massa volutpat convallis. Morbi odio odio, elementum eu, interdum eu, tincidunt in, leo. Maecenas pulvinar lobortis est.', 'Yellow', 'Dode', 'Maximilianus', '2022-07-11 23:23:15', '2022-08-10 10:37:35');
insert into article (user_id, title, content, hashtag, created_by, modified_by, created_at, modified_at) values ('uno', 'Cum sociis natoque penatibus et magnis dis parturient montes, nascetur ridiculus mus.', 'Donec diam neque, vestibulum eget, vulputate ut, ultrices vel, augue. Vestibulum ante ipsum primis in faucibus orci luctus et ultrices posuere cubilia Curae; Donec pharetra, magna vestibulum aliquet ultrices, erat tortor sollicitudin mi, sit amet lobortis sapien sapien non mi. Integer ac neque.', 'Goldenrod', 'Sada', 'Dominga', '2023-03-21 23:28:32', '2022-12-10 15:52:27');
insert into article (user_id, title, content, hashtag, created_by, modified_by, created_at, modified_at) values ('uno', 'Maecenas tincidunt lacus at velit.', 'Aenean lectus. Pellentesque eget nunc. Donec quis orci eget orci vehicula condimentum.', 'Green', 'Ardelle', 'Patty', '2022-08-25 16:18:13', '2023-01-29 11:01:48');
insert into article (user_id, title, content, hashtag, created_by, modified_by, created_at, modified_at) values ('uno', 'Suspendisse potenti.', 'Vestibulum quam sapien, varius ut, blandit non, interdum in, ante. Vestibulum ante ipsum primis in faucibus orci luctus et ultrices posuere cubilia Curae; Duis faucibus accumsan odio. Curabitur convallis.', 'Pink', 'Margarethe', 'Giffer', '2023-03-09 21:21:54', '2022-06-15 09:03:27');
insert into article (user_id, title, content, hashtag, created_by, modified_by, created_at, modified_at) values ('uno', 'Nulla ac enim.', 'Cras mi pede, malesuada in, imperdiet et, commodo vulputate, justo. In blandit ultrices enim. Lorem ipsum dolor sit amet, consectetuer adipiscing elit.', 'Turquoise', 'Ced', 'Bridgette', '2023-02-01 12:57:56', '2022-05-28 00:30:32');
insert into article (user_id, title, content, hashtag, created_by, modified_by, created_at, modified_at) values ('uno', 'Fusce congue, diam id ornare imperdiet, sapien urna pretium nisl, ut volutpat sapien arcu sed augue.', 'Aenean lectus. Pellentesque eget nunc. Donec quis orci eget orci vehicula condimentum.', 'Aquamarine', 'Cello', 'Sile', '2022-05-02 10:07:17', '2023-02-11 02:44:55');
insert into article (user_id, title, content, hashtag, created_by, modified_by, created_at, modified_at) values ('uno', 'Morbi a ipsum.', 'Maecenas tristique, est et tempus semper, est quam pharetra magna, ac consequat metus sapien ut nunc. Vestibulum ante ipsum primis in faucibus orci luctus et ultrices posuere cubilia Curae; Mauris viverra diam vitae quam. Suspendisse potenti.', 'Fuscia', 'Siegfried', 'Curt', '2023-01-27 18:58:49', '2022-04-01 17:49:01');
insert into article (user_id, title, content, hashtag, created_by, modified_by, created_at, modified_at) values ('uno', 'In hac habitasse platea dictumst.', 'Duis consequat dui nec nisi volutpat eleifend. Donec ut dolor. Morbi vel lectus in quam fringilla rhoncus.', 'Blue', 'Haily', 'Inesita', '2022-05-02 04:07:40', '2023-02-14 21:58:26');
insert into article (user_id, title, content, hashtag, created_by, modified_by, created_at, modified_at) values ('uno', 'Aliquam sit amet diam in magna bibendum imperdiet.', 'Duis aliquam convallis nunc. Proin at turpis a pede posuere nonummy. Integer non velit.', null, 'Vassily', 'Garv', '2022-04-10 19:35:10', '2022-12-16 01:37:51');
insert into article (user_id, title, content, hashtag, created_by, modified_by, created_at, modified_at) values ('uno', 'Pellentesque eget nunc.', 'Praesent blandit. Nam nulla. Integer pede justo, lacinia eget, tincidunt eget, tempus vel, pede.', 'Green', 'Jorrie', 'Dona', '2022-08-12 18:42:25', '2022-06-22 07:22:32');
insert into article (user_id, title, content, hashtag, created_by, modified_by, created_at, modified_at) values ('uno', 'Integer ac leo.', 'Praesent blandit. Nam nulla. Integer pede justo, lacinia eget, tincidunt eget, tempus vel, pede.', 'Red', 'Carney', 'Annecorinne', '2022-07-12 17:00:56', '2022-08-03 01:31:31');
insert into article (user_id, title, content, hashtag, created_by, modified_by, created_at, modified_at) values ('uno', 'Phasellus id sapien in sapien iaculis congue.', 'Morbi non lectus. Aliquam sit amet diam in magna bibendum imperdiet. Nullam orci pede, venenatis non, sodales sed, tincidunt eu, felis.', null, 'Baldwin', 'Giusto', '2023-02-13 14:21:47', '2022-10-09 18:33:13');
insert into article (user_id, title, content, hashtag, created_by, modified_by, created_at, modified_at) values ('uno', 'Pellentesque eget nunc.', 'Sed sagittis. Nam congue, risus semper porta volutpat, quam pede lobortis ligula, sit amet eleifend pede libero quis orci. Nullam molestie nibh in lectus.', 'Khaki', 'Codee', 'Brooke', '2022-04-10 19:09:42', '2022-06-30 08:21:56');
insert into article (user_id, title, content, hashtag, created_by, modified_by, created_at, modified_at) values ('uno', 'Suspendisse accumsan tortor quis turpis.', 'Donec diam neque, vestibulum eget, vulputate ut, ultrices vel, augue. Vestibulum ante ipsum primis in faucibus orci luctus et ultrices posuere cubilia Curae; Donec pharetra, magna vestibulum aliquet ultrices, erat tortor sollicitudin mi, sit amet lobortis sapien sapien non mi. Integer ac neque.', 'Yellow', 'Marcellus', 'Jeramie', '2022-04-29 21:24:17', '2023-01-17 23:45:32');
insert into article (user_id, title, content, hashtag, created_by, modified_by, created_at, modified_at) values ('uno', 'In hac habitasse platea dictumst.', 'Curabitur at ipsum ac tellus semper interdum. Mauris ullamcorper purus sit amet nulla. Quisque arcu libero, rutrum ac, lobortis vel, dapibus at, diam.', 'Maroon', 'Alphonse', 'Kelley', '2022-10-27 15:37:59', '2023-01-05 22:57:37');
insert into article (user_id, title, content, hashtag, created_by, modified_by, created_at, modified_at) values ('uno', 'Proin at turpis a pede posuere nonummy.', 'Maecenas tristique, est et tempus semper, est quam pharetra magna, ac consequat metus sapien ut nunc. Vestibulum ante ipsum primis in faucibus orci luctus et ultrices posuere cubilia Curae; Mauris viverra diam vitae quam. Suspendisse potenti.', 'Crimson', 'Carolan', 'Morley', '2022-07-29 11:44:34', '2022-06-26 02:56:35');
insert into article (user_id, title, content, hashtag, created_by, modified_by, created_at, modified_at) values ('uno', 'In eleifend quam a odio.', 'Maecenas tristique, est et tempus semper, est quam pharetra magna, ac consequat metus sapien ut nunc. Vestibulum ante ipsum primis in faucibus orci luctus et ultrices posuere cubilia Curae; Mauris viverra diam vitae quam. Suspendisse potenti.', 'Orange', 'Ardyce', 'Mora', '2023-01-10 18:38:05', '2022-09-29 16:25:48');
insert into article (user_id, title, content, hashtag, created_by, modified_by, created_at, modified_at) values ('uno', 'Maecenas leo odio, condimentum id, luctus nec, molestie sed, justo.', 'Integer ac leo. Pellentesque ultrices mattis odio. Donec vitae nisi.', 'Mauv', 'Arvin', 'Genovera', '2022-06-12 22:24:26', '2022-10-07 10:01:24');
insert into article (user_id, title, content, hashtag, created_by, modified_by, created_at, modified_at) values ('uno', 'Maecenas leo odio, condimentum id, luctus nec, molestie sed, justo.', 'Curabitur gravida nisi at nibh. In hac habitasse platea dictumst. Aliquam augue quam, sollicitudin vitae, consectetuer eget, rutrum at, lorem.', 'Pink', 'Park', 'Flemming', '2022-06-01 18:42:17', '2022-03-30 18:15:25');
insert into article (user_id, title, content, hashtag, created_by, modified_by, created_at, modified_at) values ('uno', 'Integer a nibh.', 'Duis aliquam convallis nunc. Proin at turpis a pede posuere nonummy. Integer non velit.', 'Maroon', 'Netta', 'Bernete', '2022-08-07 00:30:05', '2022-08-01 01:09:59');
insert into article (user_id, title, content, hashtag, created_by, modified_by, created_at, modified_at) values ('uno', 'Etiam faucibus cursus urna.', 'Nulla ut erat id mauris vulputate elementum. Nullam varius. Nulla facilisi.', 'Teal', 'Gerry', 'Yorker', '2022-11-24 00:18:12', '2022-04-30 08:39:02');
insert into article (user_id, title, content, hashtag, created_by, modified_by, created_at, modified_at) values ('uno', 'Nulla mollis molestie lorem.', 'In hac habitasse platea dictumst. Etiam faucibus cursus urna. Ut tellus.', 'Pink', 'Dorry', 'Gerrie', '2022-04-14 03:34:30', '2023-02-15 06:30:24');
insert into article (user_id, title, content, hashtag, created_by, modified_by, created_at, modified_at) values ('uno', 'Nam congue, risus semper porta volutpat, quam pede lobortis ligula, sit amet eleifend pede libero quis orci.', 'Maecenas leo odio, condimentum id, luctus nec, molestie sed, justo. Pellentesque viverra pede ac diam. Cras pellentesque volutpat dui.', null, 'Amie', 'Lynea', '2022-12-03 00:12:49', '2022-12-27 05:55:14');
insert into article (user_id, title, content, hashtag, created_by, modified_by, created_at, modified_at) values ('uno', 'Curabitur in libero ut massa volutpat convallis.', 'Mauris enim leo, rhoncus sed, vestibulum sit amet, cursus id, turpis. Integer aliquet, massa id lobortis convallis, tortor risus dapibus augue, vel accumsan tellus nisi eu orci. Mauris lacinia sapien quis libero.', null, 'Lindy', 'Abbe', '2022-05-19 07:02:08', '2022-03-29 08:41:52');
insert into article (user_id, title, content, hashtag, created_by, modified_by, created_at, modified_at) values ('uno', 'Lorem ipsum dolor sit amet, consectetuer adipiscing elit.', 'Cras non velit nec nisi vulputate nonummy. Maecenas tincidunt lacus at velit. Vivamus vel nulla eget eros elementum pellentesque.', 'Violet', 'Korry', 'Gelya', '2022-05-08 08:26:55', '2023-02-01 00:31:02');
insert into article (user_id, title, content, hashtag, created_by, modified_by, created_at, modified_at) values ('uno', 'Quisque id justo sit amet sapien dignissim vestibulum.', 'Duis bibendum, felis sed interdum venenatis, turpis enim blandit mi, in porttitor pede justo eu massa. Donec dapibus. Duis at velit eu est congue elementum.', 'Teal', 'Ricki', 'Viviene', '2022-09-22 01:04:09', '2022-11-02 23:40:40');
insert into article (user_id, title, content, hashtag, created_by, modified_by, created_at, modified_at) values ('uno', 'Donec dapibus.', 'In hac habitasse platea dictumst. Etiam faucibus cursus urna. Ut tellus.', null, 'Darcee', 'Carma', '2022-07-28 02:42:19', '2022-03-26 12:44:57');
insert into article (user_id, title, content, hashtag, created_by, modified_by, created_at, modified_at) values ('uno', 'Nulla facilisi.', 'Maecenas tristique, est et tempus semper, est quam pharetra magna, ac consequat metus sapien ut nunc. Vestibulum ante ipsum primis in faucibus orci luctus et ultrices posuere cubilia Curae; Mauris viverra diam vitae quam. Suspendisse potenti.', 'Puce', 'Carolee', 'Delmor', '2022-08-12 21:03:55', '2022-12-03 06:34:34');
insert into article (user_id, title, content, hashtag, created_by, modified_by, created_at, modified_at) values ('uno', 'Donec posuere metus vitae ipsum.', 'Praesent blandit. Nam nulla. Integer pede justo, lacinia eget, tincidunt eget, tempus vel, pede.', null, 'Jorey', 'Celle', '2022-06-09 03:21:24', '2022-07-03 07:10:56');
insert into article (user_id, title, content, hashtag, created_by, modified_by, created_at, modified_at) values ('uno', 'Vivamus vestibulum sagittis sapien.', 'Fusce consequat. Nulla nisl. Nunc nisl.', 'Red', 'Berny', 'Lorelei', '2022-09-12 09:40:01', '2022-06-13 06:47:57');
insert into article (user_id, title, content, hashtag, created_by, modified_by, created_at, modified_at) values ('uno', 'Maecenas pulvinar lobortis est.', 'Duis consequat dui nec nisi volutpat eleifend. Donec ut dolor. Morbi vel lectus in quam fringilla rhoncus.', 'Purple', 'Corene', 'Joanie', '2022-07-17 20:51:08', '2022-09-11 08:30:27');
insert into article (user_id, title, content, hashtag, created_by, modified_by, created_at, modified_at) values ('uno', 'Integer non velit.', 'Phasellus sit amet erat. Nulla tempus. Vivamus in felis eu sapien cursus vestibulum.', 'Fuscia', 'Darby', 'Gerrie', '2022-09-19 13:07:06', '2022-07-18 19:12:10');
insert into article (user_id, title, content, hashtag, created_by, modified_by, created_at, modified_at) values ('uno', 'Integer aliquet, massa id lobortis convallis, tortor risus dapibus augue, vel accumsan tellus nisi eu orci.', 'Sed sagittis. Nam congue, risus semper porta volutpat, quam pede lobortis ligula, sit amet eleifend pede libero quis orci. Nullam molestie nibh in lectus.', null, 'Fairfax', 'Madeleine', '2023-03-23 17:58:36', '2022-05-22 01:02:14');
insert into article (user_id, title, content, hashtag, created_by, modified_by, created_at, modified_at) values ('uno', 'Quisque porta volutpat erat.', 'In congue. Etiam justo. Etiam pretium iaculis justo.', 'Red', 'Caressa', 'Godiva', '2022-07-09 12:57:41', '2022-04-03 16:03:01');
insert into article (user_id, title, content, hashtag, created_by, modified_by, created_at, modified_at) values ('uno', 'Vestibulum rutrum rutrum neque.', 'Praesent id massa id nisl venenatis lacinia. Aenean sit amet justo. Morbi ut odio.', null, 'Tome', 'Idalina', '2022-08-01 02:02:46', '2022-07-04 23:54:07');
insert into article (user_id, title, content, hashtag, created_by, modified_by, created_at, modified_at) values ('uno', 'Nulla ut erat id mauris vulputate elementum.', 'Curabitur in libero ut massa volutpat convallis. Morbi odio odio, elementum eu, interdum eu, tincidunt in, leo. Maecenas pulvinar lobortis est.', 'Orange', 'Jonell', 'Billy', '2022-07-12 06:41:45', '2023-02-25 22:24:27');
insert into article (user_id, title, content, hashtag, created_by, modified_by, created_at, modified_at) values ('uno', 'Integer aliquet, massa id lobortis convallis, tortor risus dapibus augue, vel accumsan tellus nisi eu orci.', 'Maecenas tristique, est et tempus semper, est quam pharetra magna, ac consequat metus sapien ut nunc. Vestibulum ante ipsum primis in faucibus orci luctus et ultrices posuere cubilia Curae; Mauris viverra diam vitae quam. Suspendisse potenti.', 'Indigo', 'Clair', 'Tibold', '2022-06-28 12:13:57', '2022-06-23 18:28:50');
insert into article (user_id, title, content, hashtag, created_by, modified_by, created_at, modified_at) values ('uno', 'In hac habitasse platea dictumst.', 'Curabitur at ipsum ac tellus semper interdum. Mauris ullamcorper purus sit amet nulla. Quisque arcu libero, rutrum ac, lobortis vel, dapibus at, diam.', 'Pink', 'Latashia', 'Charmian', '2022-10-01 15:50:57', '2023-03-06 12:49:23');
insert into article (user_id, title, content, hashtag, created_by, modified_by, created_at, modified_at) values ('uno', 'Pellentesque eget nunc.', 'Proin interdum mauris non ligula pellentesque ultrices. Phasellus id sapien in sapien iaculis congue. Vivamus metus arcu, adipiscing molestie, hendrerit at, vulputate vitae, nisl.', 'Khaki', 'Eilis', 'Caryl', '2022-07-29 10:38:37', '2023-01-09 17:00:49');
insert into article (user_id, title, content, hashtag, created_by, modified_by, created_at, modified_at) values ('uno', 'Morbi non quam nec dui luctus rutrum.', 'Proin interdum mauris non ligula pellentesque ultrices. Phasellus id sapien in sapien iaculis congue. Vivamus metus arcu, adipiscing molestie, hendrerit at, vulputate vitae, nisl.', 'Goldenrod', 'Nelson', 'Rem', '2022-11-15 05:11:34', '2022-12-14 13:31:33');
insert into article (user_id, title, content, hashtag, created_by, modified_by, created_at, modified_at) values ('uno', 'Aenean fermentum.', 'Fusce posuere felis sed lacus. Morbi sem mauris, laoreet ut, rhoncus aliquet, pulvinar sed, nisl. Nunc rhoncus dui vel sem.', null, 'De', 'Ajay', '2022-07-07 15:40:58', '2022-06-05 20:51:29');
insert into article (user_id, title, content, hashtag, created_by, modified_by, created_at, modified_at) values ('uno', 'Ut tellus.', 'Integer ac leo. Pellentesque ultrices mattis odio. Donec vitae nisi.', 'Teal', 'Lauree', 'Yovonnda', '2022-09-25 03:50:12', '2022-08-13 05:06:37');
insert into article (user_id, title, content, hashtag, created_by, modified_by, created_at, modified_at) values ('uno', 'Mauris ullamcorper purus sit amet nulla.', 'Morbi porttitor lorem id ligula. Suspendisse ornare consequat lectus. In est risus, auctor sed, tristique in, tempus sit amet, sem.', 'Yellow', 'Berget', 'Lindsey', '2022-12-05 09:06:19', '2022-04-24 23:36:14');
insert into article (user_id, title, content, hashtag, created_by, modified_by, created_at, modified_at) values ('uno', 'Vestibulum rutrum rutrum neque.', 'Morbi porttitor lorem id ligula. Suspendisse ornare consequat lectus. In est risus, auctor sed, tristique in, tempus sit amet, sem.', null, 'Caria', 'Gifford', '2022-04-12 06:35:58', '2022-11-22 23:13:54');
insert into article (user_id, title, content, hashtag, created_by, modified_by, created_at, modified_at) values ('uno', 'Proin leo odio, porttitor id, consequat in, consequat ut, nulla.', 'Nulla ut erat id mauris vulputate elementum. Nullam varius. Nulla facilisi.', null, 'Alfie', 'Cosette', '2023-03-12 23:12:54', '2022-06-28 05:53:48');
insert into article (user_id, title, content, hashtag, created_by, modified_by, created_at, modified_at) values ('uno', 'Vivamus metus arcu, adipiscing molestie, hendrerit at, vulputate vitae, nisl.', 'Praesent id massa id nisl venenatis lacinia. Aenean sit amet justo. Morbi ut odio.', 'Aquamarine', 'Kiel', 'Malva', '2022-12-17 18:40:29', '2022-09-22 00:04:37');
insert into article (user_id, title, content, hashtag, created_by, modified_by, created_at, modified_at) values ('uno', 'Morbi quis tortor id nulla ultrices aliquet.', 'In congue. Etiam justo. Etiam pretium iaculis justo.', 'Teal', 'Fanni', 'Pegeen', '2023-02-26 10:02:20', '2022-05-19 02:50:25');
insert into article (user_id, title, content, hashtag, created_by, modified_by, created_at, modified_at) values ('uno', 'Duis bibendum, felis sed interdum venenatis, turpis enim blandit mi, in porttitor pede justo eu massa.', 'Phasellus in felis. Donec semper sapien a libero. Nam dui.', 'Purple', 'Cicily', 'Joeann', '2022-05-31 12:46:40', '2022-11-15 03:12:11');
insert into article (user_id, title, content, hashtag, created_by, modified_by, created_at, modified_at) values ('uno', 'Lorem ipsum dolor sit amet, consectetuer adipiscing elit.', 'Nullam sit amet turpis elementum ligula vehicula consequat. Morbi a ipsum. Integer a nibh.', 'Orange', 'Roberta', 'Cindee', '2022-08-03 02:56:30', '2022-08-28 02:53:16');
insert into article (user_id, title, content, hashtag, created_by, modified_by, created_at, modified_at) values ('uno', 'Morbi quis tortor id nulla ultrices aliquet.', 'Duis bibendum, felis sed interdum venenatis, turpis enim blandit mi, in porttitor pede justo eu massa. Donec dapibus. Duis at velit eu est congue elementum.', 'Aquamarine', 'Ralph', 'Cal', '2022-10-28 10:23:37', '2022-12-26 00:16:43');
insert into article (user_id, title, content, hashtag, created_by, modified_by, created_at, modified_at) values ('uno', 'Proin at turpis a pede posuere nonummy.', 'Quisque id justo sit amet sapien dignissim vestibulum. Vestibulum ante ipsum primis in faucibus orci luctus et ultrices posuere cubilia Curae; Nulla dapibus dolor vel est. Donec odio justo, sollicitudin ut, suscipit a, feugiat et, eros.', null, 'Duke', 'Edvard', '2022-07-12 11:21:31', '2022-08-28 23:40:09');
insert into article (user_id, title, content, hashtag, created_by, modified_by, created_at, modified_at) values ('uno', 'Duis at velit eu est congue elementum.', 'Cras non velit nec nisi vulputate nonummy. Maecenas tincidunt lacus at velit. Vivamus vel nulla eget eros elementum pellentesque.', null, 'Padraic', 'Bettine', '2022-11-15 15:53:50', '2022-12-01 12:43:07');
insert into article (user_id, title, content, hashtag, created_by, modified_by, created_at, modified_at) values ('uno', 'Sed ante.', 'Curabitur at ipsum ac tellus semper interdum. Mauris ullamcorper purus sit amet nulla. Quisque arcu libero, rutrum ac, lobortis vel, dapibus at, diam.', 'Khaki', 'Oneida', 'Sidoney', '2022-05-21 05:45:38', '2022-08-12 22:11:28');
insert into article (user_id, title, content, hashtag, created_by, modified_by, created_at, modified_at) values ('uno', 'Nulla justo.', 'Aenean fermentum. Donec ut mauris eget massa tempor convallis. Nulla neque libero, convallis eget, eleifend luctus, ultricies eu, nibh.', null, 'Juditha', 'Lindie', '2022-07-15 20:50:21', '2022-04-23 11:37:28');


-- 댓글 150
insert into article_comment (article_id, user_id, content, created_by, modified_by, created_at, modified_at) values (53, 'uno2', 'Duis aliquam convallis nunc. Proin at turpis a pede posuere nonummy. Integer non velit.', 'Barrie', 'Garner', '2022-09-28 05:32:38', '2022-07-18 00:56:43');
insert into article_comment (article_id, user_id, content, created_by, modified_by, created_at, modified_at) values (51, 'uno2', 'Curabitur in libero ut massa volutpat convallis. Morbi odio odio, elementum eu, interdum eu, tincidunt in, leo. Maecenas pulvinar lobortis est.', 'Cordy', 'Ric', '2022-11-03 19:17:49', '2022-06-30 17:03:04');
insert into article_comment (article_id, user_id, content, created_by, modified_by, created_at, modified_at) values (79, 'uno2', 'Proin eu mi. Nulla ac enim. In tempor, turpis nec euismod scelerisque, quam turpis adipiscing lorem, vitae mattis nibh ligula nec sem.', 'Gonzalo', 'Lucine', '2022-08-11 09:44:28', '2022-03-28 07:42:27');
insert into article_comment (article_id, user_id, content, created_by, modified_by, created_at, modified_at) values (16, 'uno2', 'In hac habitasse platea dictumst. Etiam faucibus cursus urna. Ut tellus.', 'Anet', 'Sheridan', '2022-10-04 01:20:08', '2022-12-21 20:11:20');
insert into article_comment (article_id, user_id, content, created_by, modified_by, created_at, modified_at) values (69, 'uno2', 'In congue. Etiam justo. Etiam pretium iaculis justo.', 'Leslie', 'Alaric', '2023-02-14 13:54:52', '2022-05-08 04:38:42');
insert into article_comment (article_id, user_id, content, created_by, modified_by, created_at, modified_at) values (95, 'uno2', 'Duis bibendum, felis sed interdum venenatis, turpis enim blandit mi, in porttitor pede justo eu massa. Donec dapibus. Duis at velit eu est congue elementum.', 'Ninnetta', 'Naoma', '2022-12-04 10:30:47', '2023-01-05 09:50:53');
insert into article_comment (article_id, user_id, content, created_by, modified_by, created_at, modified_at) values (99, 'uno2', 'Vestibulum ac est lacinia nisi venenatis tristique. Fusce congue, diam id ornare imperdiet, sapien urna pretium nisl, ut volutpat sapien arcu sed augue. Aliquam erat volutpat.', 'Kimmy', 'Marten', '2022-06-24 21:01:24', '2022-10-21 20:04:35');
insert into article_comment (article_id, user_id, content, created_by, modified_by, created_at, modified_at) values (68, 'uno2', 'Cras mi pede, malesuada in, imperdiet et, commodo vulputate, justo. In blandit ultrices enim. Lorem ipsum dolor sit amet, consectetuer adipiscing elit.', 'Haleigh', 'Loutitia', '2022-11-15 23:41:54', '2022-09-17 01:08:00');
insert into article_comment (article_id, user_id, content, created_by, modified_by, created_at, modified_at) values (75, 'uno2', 'Duis bibendum. Morbi non quam nec dui luctus rutrum. Nulla tellus.', 'Mercedes', 'Cacilia', '2022-10-15 11:16:17', '2023-02-19 20:48:21');
insert into article_comment (article_id, user_id, content, created_by, modified_by, created_at, modified_at) values (55, 'uno2', 'Maecenas tristique, est et tempus semper, est quam pharetra magna, ac consequat metus sapien ut nunc. Vestibulum ante ipsum primis in faucibus orci luctus et ultrices posuere cubilia Curae; Mauris viverra diam vitae quam. Suspendisse potenti.', 'Elke', 'Otes', '2023-03-08 02:31:33', '2023-01-31 12:53:39');
insert into article_comment (article_id, user_id, content, created_by, modified_by, created_at, modified_at) values (77, 'uno2', 'Suspendisse potenti. In eleifend quam a odio. In hac habitasse platea dictumst.', 'Man', 'Martainn', '2022-04-01 10:25:16', '2023-02-28 05:56:29');
insert into article_comment (article_id, user_id, content, created_by, modified_by, created_at, modified_at) values (92, 'uno2', 'Praesent blandit. Nam nulla. Integer pede justo, lacinia eget, tincidunt eget, tempus vel, pede.', 'Clywd', 'Humbert', '2023-02-03 22:29:21', '2022-03-31 09:45:13');
insert into article_comment (article_id, user_id, content, created_by, modified_by, created_at, modified_at) values (95, 'uno2', 'Cras mi pede, malesuada in, imperdiet et, commodo vulputate, justo. In blandit ultrices enim. Lorem ipsum dolor sit amet, consectetuer adipiscing elit.', 'Garrot', 'Putnem', '2023-03-15 14:25:22', '2022-10-11 11:21:27');
insert into article_comment (article_id, user_id, content, created_by, modified_by, created_at, modified_at) values (33, 'uno2', 'Aenean fermentum. Donec ut mauris eget massa tempor convallis. Nulla neque libero, convallis eget, eleifend luctus, ultricies eu, nibh.', 'Dulcea', 'Berrie', '2023-03-02 05:08:57', '2023-02-04 18:53:30');
insert into article_comment (article_id, user_id, content, created_by, modified_by, created_at, modified_at) values (32, 'uno2', 'In congue. Etiam justo. Etiam pretium iaculis justo.', 'Emyle', 'Mac', '2022-12-13 02:09:48', '2023-03-08 08:17:04');
insert into article_comment (article_id, user_id, content, created_by, modified_by, created_at, modified_at) values (63, 'uno', 'Aliquam quis turpis eget elit sodales scelerisque. Mauris sit amet eros. Suspendisse accumsan tortor quis turpis.', 'Yolane', 'Marci', '2022-12-09 08:04:01', '2022-12-24 08:01:20');
insert into article_comment (article_id, user_id, content, created_by, modified_by, created_at, modified_at) values (100, 'uno', 'Phasellus sit amet erat. Nulla tempus. Vivamus in felis eu sapien cursus vestibulum.', 'Viviyan', 'Bernadine', '2022-10-19 14:06:57', '2022-06-23 09:55:11');
insert into article_comment (article_id, user_id, content, created_by, modified_by, created_at, modified_at) values (82, 'uno', 'Donec diam neque, vestibulum eget, vulputate ut, ultrices vel, augue. Vestibulum ante ipsum primis in faucibus orci luctus et ultrices posuere cubilia Curae; Donec pharetra, magna vestibulum aliquet ultrices, erat tortor sollicitudin mi, sit amet lobortis sapien sapien non mi. Integer ac neque.', 'Niven', 'Sly', '2022-10-11 07:50:44', '2022-07-29 23:11:07');
insert into article_comment (article_id, user_id, content, created_by, modified_by, created_at, modified_at) values (25, 'uno', 'Integer ac leo. Pellentesque ultrices mattis odio. Donec vitae nisi.', 'Brian', 'Alic', '2022-10-29 09:07:09', '2023-02-22 10:45:21');
insert into article_comment (article_id, user_id, content, created_by, modified_by, created_at, modified_at) values (76, 'uno', 'Cras non velit nec nisi vulputate nonummy. Maecenas tincidunt lacus at velit. Vivamus vel nulla eget eros elementum pellentesque.', 'Suzann', 'Ezechiel', '2023-03-14 15:26:42', '2022-12-07 12:08:18');
insert into article_comment (article_id, user_id, content, created_by, modified_by, created_at, modified_at) values (20, 'uno', 'Proin leo odio, porttitor id, consequat in, consequat ut, nulla. Sed accumsan felis. Ut at dolor quis odio consequat varius.', 'Mona', 'Theodoric', '2022-12-07 16:02:30', '2022-11-07 11:30:21');
insert into article_comment (article_id, user_id, content, created_by, modified_by, created_at, modified_at) values (62, 'uno', 'Vestibulum quam sapien, varius ut, blandit non, interdum in, ante. Vestibulum ante ipsum primis in faucibus orci luctus et ultrices posuere cubilia Curae; Duis faucibus accumsan odio. Curabitur convallis.', 'Cleveland', 'Trever', '2022-05-29 03:43:13', '2023-01-05 16:06:05');
insert into article_comment (article_id, user_id, content, created_by, modified_by, created_at, modified_at) values (72, 'uno', 'Sed sagittis. Nam congue, risus semper porta volutpat, quam pede lobortis ligula, sit amet eleifend pede libero quis orci. Nullam molestie nibh in lectus.', 'Grissel', 'Katuscha', '2023-02-11 16:17:39', '2022-12-25 09:17:20');
insert into article_comment (article_id, user_id, content, created_by, modified_by, created_at, modified_at) values (9, 'uno', 'Pellentesque at nulla. Suspendisse potenti. Cras in purus eu magna vulputate luctus.', 'Cinda', 'Traver', '2022-05-16 04:23:05', '2023-01-08 11:47:57');
insert into article_comment (article_id, user_id, content, created_by, modified_by, created_at, modified_at) values (47, 'uno', 'Maecenas ut massa quis augue luctus tincidunt. Nulla mollis molestie lorem. Quisque ut erat.', 'Sean', 'Tonia', '2022-09-06 02:36:11', '2022-11-05 23:34:06');
insert into article_comment (article_id, user_id, content, created_by, modified_by, created_at, modified_at) values (77, 'uno', 'Aliquam quis turpis eget elit sodales scelerisque. Mauris sit amet eros. Suspendisse accumsan tortor quis turpis.', 'Tedie', 'Corny', '2023-03-03 06:48:35', '2022-12-15 06:08:24');
insert into article_comment (article_id, user_id, content, created_by, modified_by, created_at, modified_at) values (9, 'uno', 'Proin eu mi. Nulla ac enim. In tempor, turpis nec euismod scelerisque, quam turpis adipiscing lorem, vitae mattis nibh ligula nec sem.', 'Teodorico', 'Christiane', '2022-08-05 14:15:21', '2022-04-20 08:05:09');
insert into article_comment (article_id, user_id, content, created_by, modified_by, created_at, modified_at) values (79, 'uno', 'Fusce posuere felis sed lacus. Morbi sem mauris, laoreet ut, rhoncus aliquet, pulvinar sed, nisl. Nunc rhoncus dui vel sem.', 'Fleming', 'Alexa', '2023-02-01 10:28:26', '2023-02-21 18:54:19');
insert into article_comment (article_id, user_id, content, created_by, modified_by, created_at, modified_at) values (61, 'uno', 'Aenean fermentum. Donec ut mauris eget massa tempor convallis. Nulla neque libero, convallis eget, eleifend luctus, ultricies eu, nibh.', 'Foss', 'Margeaux', '2022-09-04 17:28:12', '2022-08-20 07:16:57');
insert into article_comment (article_id, user_id, content, created_by, modified_by, created_at, modified_at) values (13, 'uno', 'Proin leo odio, porttitor id, consequat in, consequat ut, nulla. Sed accumsan felis. Ut at dolor quis odio consequat varius.', 'Lyndy', 'Sloane', '2022-12-07 21:39:03', '2023-01-03 21:47:06');
insert into article_comment (article_id, user_id, content, created_by, modified_by, created_at, modified_at) values (32, 'uno', 'Proin interdum mauris non ligula pellentesque ultrices. Phasellus id sapien in sapien iaculis congue. Vivamus metus arcu, adipiscing molestie, hendrerit at, vulputate vitae, nisl.', 'Gretchen', 'Lydie', '2022-11-26 18:37:08', '2022-07-28 09:22:06');
insert into article_comment (article_id, user_id, content, created_by, modified_by, created_at, modified_at) values (61, 'uno', 'Nam ultrices, libero non mattis pulvinar, nulla pede ullamcorper augue, a suscipit nulla elit ac nulla. Sed vel enim sit amet nunc viverra dapibus. Nulla suscipit ligula in lacus.', 'Emlynn', 'Cort', '2022-06-18 22:05:59', '2023-03-08 19:18:07');
insert into article_comment (article_id, user_id, content, created_by, modified_by, created_at, modified_at) values (28, 'uno', 'In hac habitasse platea dictumst. Morbi vestibulum, velit id pretium iaculis, diam erat fermentum justo, nec condimentum neque sapien placerat ante. Nulla justo.', 'Demott', 'Andrej', '2022-08-02 10:29:20', '2023-03-23 09:29:14');
insert into article_comment (article_id, user_id, content, created_by, modified_by, created_at, modified_at) values (18, 'uno', 'Phasellus sit amet erat. Nulla tempus. Vivamus in felis eu sapien cursus vestibulum.', 'Hashim', 'Sande', '2022-04-29 11:32:46', '2023-02-01 15:48:17');
insert into article_comment (article_id, user_id, content, created_by, modified_by, created_at, modified_at) values (91, 'uno', 'Cras non velit nec nisi vulputate nonummy. Maecenas tincidunt lacus at velit. Vivamus vel nulla eget eros elementum pellentesque.', 'Darb', 'Roshelle', '2023-01-19 11:16:59', '2022-04-13 15:31:30');
insert into article_comment (article_id, user_id, content, created_by, modified_by, created_at, modified_at) values (87, 'uno', 'Nullam sit amet turpis elementum ligula vehicula consequat. Morbi a ipsum. Integer a nibh.', 'Leese', 'Collette', '2022-09-05 17:32:14', '2022-08-20 13:50:58');
insert into article_comment (article_id, user_id, content, created_by, modified_by, created_at, modified_at) values (94, 'uno', 'Quisque id justo sit amet sapien dignissim vestibulum. Vestibulum ante ipsum primis in faucibus orci luctus et ultrices posuere cubilia Curae; Nulla dapibus dolor vel est. Donec odio justo, sollicitudin ut, suscipit a, feugiat et, eros.', 'Tuckie', 'Pietrek', '2022-12-29 13:44:30', '2022-10-30 04:53:21');
insert into article_comment (article_id, user_id, content, created_by, modified_by, created_at, modified_at) values (72, 'uno', 'Mauris enim leo, rhoncus sed, vestibulum sit amet, cursus id, turpis. Integer aliquet, massa id lobortis convallis, tortor risus dapibus augue, vel accumsan tellus nisi eu orci. Mauris lacinia sapien quis libero.', 'Cacilie', 'Rebbecca', '2022-06-07 05:12:03', '2022-06-22 00:39:31');
insert into article_comment (article_id, user_id, content, created_by, modified_by, created_at, modified_at) values (87, 'uno', 'Duis bibendum, felis sed interdum venenatis, turpis enim blandit mi, in porttitor pede justo eu massa. Donec dapibus. Duis at velit eu est congue elementum.', 'Glennis', 'Mitch', '2022-08-25 16:52:47', '2022-11-05 05:41:37');
insert into article_comment (article_id, user_id, content, created_by, modified_by, created_at, modified_at) values (76, 'uno', 'Integer tincidunt ante vel ipsum. Praesent blandit lacinia erat. Vestibulum sed magna at nunc commodo placerat.', 'Ebeneser', 'Seline', '2022-10-07 18:25:17', '2022-06-10 08:18:19');
insert into article_comment (article_id, user_id, content, created_by, modified_by, created_at, modified_at) values (66, 'uno', 'Maecenas leo odio, condimentum id, luctus nec, molestie sed, justo. Pellentesque viverra pede ac diam. Cras pellentesque volutpat dui.', 'Wendeline', 'Harald', '2022-09-11 01:16:41', '2022-04-21 04:59:27');
insert into article_comment (article_id, user_id, content, created_by, modified_by, created_at, modified_at) values (47, 'uno', 'Nullam porttitor lacus at turpis. Donec posuere metus vitae ipsum. Aliquam non mauris.', 'Gerhard', 'Tony', '2022-12-07 02:05:06', '2022-09-28 14:46:45');
insert into article_comment (article_id, user_id, content, created_by, modified_by, created_at, modified_at) values (85, 'uno', 'Vestibulum quam sapien, varius ut, blandit non, interdum in, ante. Vestibulum ante ipsum primis in faucibus orci luctus et ultrices posuere cubilia Curae; Duis faucibus accumsan odio. Curabitur convallis.', 'Mozes', 'Drusie', '2022-10-15 06:47:13', '2022-12-18 10:51:37');
insert into article_comment (article_id, user_id, content, created_by, modified_by, created_at, modified_at) values (22, 'uno', 'Aliquam quis turpis eget elit sodales scelerisque. Mauris sit amet eros. Suspendisse accumsan tortor quis turpis.', 'Paxton', 'Caddric', '2023-01-25 16:46:00', '2022-07-16 08:20:01');
insert into article_comment (article_id, user_id, content, created_by, modified_by, created_at, modified_at) values (41, 'uno', 'Proin leo odio, porttitor id, consequat in, consequat ut, nulla. Sed accumsan felis. Ut at dolor quis odio consequat varius.', 'Philippine', 'Kinny', '2022-07-25 05:33:34', '2023-02-21 18:23:11');
insert into article_comment (article_id, user_id, content, created_by, modified_by, created_at, modified_at) values (49, 'uno', 'Maecenas ut massa quis augue luctus tincidunt. Nulla mollis molestie lorem. Quisque ut erat.', 'Dulsea', 'Helena', '2022-12-22 23:02:54', '2022-07-23 14:41:15');
insert into article_comment (article_id, user_id, content, created_by, modified_by, created_at, modified_at) values (11, 'uno', 'Cras mi pede, malesuada in, imperdiet et, commodo vulputate, justo. In blandit ultrices enim. Lorem ipsum dolor sit amet, consectetuer adipiscing elit.', 'Gib', 'Homer', '2022-04-30 05:44:32', '2022-08-22 04:19:02');
insert into article_comment (article_id, user_id, content, created_by, modified_by, created_at, modified_at) values (64, 'uno', 'Cras mi pede, malesuada in, imperdiet et, commodo vulputate, justo. In blandit ultrices enim. Lorem ipsum dolor sit amet, consectetuer adipiscing elit.', 'Darrell', 'Wayland', '2022-08-12 06:28:23', '2022-12-27 03:44:51');
insert into article_comment (article_id, user_id, content, created_by, modified_by, created_at, modified_at) values (63, 'uno', 'Proin eu mi. Nulla ac enim. In tempor, turpis nec euismod scelerisque, quam turpis adipiscing lorem, vitae mattis nibh ligula nec sem.', 'Ricky', 'Hildegarde', '2023-01-25 03:24:34', '2022-07-10 02:57:53');
insert into article_comment (article_id, user_id, content, created_by, modified_by, created_at, modified_at) values (41, 'uno', 'Suspendisse potenti. In eleifend quam a odio. In hac habitasse platea dictumst.', 'Bruis', 'Shelagh', '2022-12-12 05:20:25', '2023-02-22 15:57:51');
insert into article_comment (article_id, user_id, content, created_by, modified_by, created_at, modified_at) values (43, 'uno', 'Nullam porttitor lacus at turpis. Donec posuere metus vitae ipsum. Aliquam non mauris.', 'Alexis', 'Rosabelle', '2023-02-16 01:04:04', '2022-04-29 13:11:20');
insert into article_comment (article_id, user_id, content, created_by, modified_by, created_at, modified_at) values (60, 'uno', 'Maecenas leo odio, condimentum id, luctus nec, molestie sed, justo. Pellentesque viverra pede ac diam. Cras pellentesque volutpat dui.', 'Jeannette', 'Pauline', '2022-12-10 00:45:04', '2022-11-07 21:32:15');
insert into article_comment (article_id, user_id, content, created_by, modified_by, created_at, modified_at) values (73, 'uno', 'Nullam porttitor lacus at turpis. Donec posuere metus vitae ipsum. Aliquam non mauris.', 'Holt', 'Lauryn', '2022-09-05 20:32:57', '2023-02-13 19:30:54');
insert into article_comment (article_id, user_id, content, created_by, modified_by, created_at, modified_at) values (57, 'uno', 'In hac habitasse platea dictumst. Morbi vestibulum, velit id pretium iaculis, diam erat fermentum justo, nec condimentum neque sapien placerat ante. Nulla justo.', 'Gabriel', 'Elisabeth', '2022-11-14 01:41:02', '2023-01-30 06:16:42');
insert into article_comment (article_id, user_id, content, created_by, modified_by, created_at, modified_at) values (93, 'uno', 'Nulla ut erat id mauris vulputate elementum. Nullam varius. Nulla facilisi.', 'Coriss', 'Crysta', '2023-03-19 23:52:26', '2022-12-13 22:42:36');
insert into article_comment (article_id, user_id, content, created_by, modified_by, created_at, modified_at) values (50, 'uno', 'Duis consequat dui nec nisi volutpat eleifend. Donec ut dolor. Morbi vel lectus in quam fringilla rhoncus.', 'Arch', 'Ram', '2022-08-06 20:20:38', '2022-06-02 11:51:17');
insert into article_comment (article_id, user_id, content, created_by, modified_by, created_at, modified_at) values (70, 'uno', 'Integer ac leo. Pellentesque ultrices mattis odio. Donec vitae nisi.', 'Blithe', 'Ivy', '2022-04-27 17:27:26', '2022-05-24 20:15:55');
insert into article_comment (article_id, user_id, content, created_by, modified_by, created_at, modified_at) values (87, 'uno', 'Vestibulum ac est lacinia nisi venenatis tristique. Fusce congue, diam id ornare imperdiet, sapien urna pretium nisl, ut volutpat sapien arcu sed augue. Aliquam erat volutpat.', 'Weidar', 'Ricca', '2022-08-14 23:55:11', '2022-06-25 00:46:07');
insert into article_comment (article_id, user_id, content, created_by, modified_by, created_at, modified_at) values (96, 'uno', 'Phasellus sit amet erat. Nulla tempus. Vivamus in felis eu sapien cursus vestibulum.', 'Leonanie', 'Orville', '2022-10-28 10:37:55', '2022-07-11 15:34:48');
insert into article_comment (article_id, user_id, content, created_by, modified_by, created_at, modified_at) values (70, 'uno', 'Mauris enim leo, rhoncus sed, vestibulum sit amet, cursus id, turpis. Integer aliquet, massa id lobortis convallis, tortor risus dapibus augue, vel accumsan tellus nisi eu orci. Mauris lacinia sapien quis libero.', 'Pippa', 'Burgess', '2022-07-02 14:57:54', '2023-01-26 07:33:37');
insert into article_comment (article_id, user_id, content, created_by, modified_by, created_at, modified_at) values (18, 'uno', 'Integer tincidunt ante vel ipsum. Praesent blandit lacinia erat. Vestibulum sed magna at nunc commodo placerat.', 'Loraine', 'Lizzy', '2022-08-09 20:07:41', '2022-11-23 05:50:54');
insert into article_comment (article_id, user_id, content, created_by, modified_by, created_at, modified_at) values (82, 'uno', 'Quisque id justo sit amet sapien dignissim vestibulum. Vestibulum ante ipsum primis in faucibus orci luctus et ultrices posuere cubilia Curae; Nulla dapibus dolor vel est. Donec odio justo, sollicitudin ut, suscipit a, feugiat et, eros.', 'Alex', 'Esther', '2023-01-06 04:12:01', '2022-11-16 22:29:02');
insert into article_comment (article_id, user_id, content, created_by, modified_by, created_at, modified_at) values (13, 'uno', 'Aenean lectus. Pellentesque eget nunc. Donec quis orci eget orci vehicula condimentum.', 'Olivette', 'Vail', '2023-01-10 01:25:29', '2022-08-14 21:21:04');
insert into article_comment (article_id, user_id, content, created_by, modified_by, created_at, modified_at) values (61, 'uno', 'Duis consequat dui nec nisi volutpat eleifend. Donec ut dolor. Morbi vel lectus in quam fringilla rhoncus.', 'Salome', 'Dalia', '2022-08-26 01:40:48', '2022-04-29 09:45:35');
insert into article_comment (article_id, user_id, content, created_by, modified_by, created_at, modified_at) values (54, 'uno', 'Integer ac leo. Pellentesque ultrices mattis odio. Donec vitae nisi.', 'Antonio', 'Osgood', '2023-02-19 03:44:08', '2022-10-20 02:56:23');
insert into article_comment (article_id, user_id, content, created_by, modified_by, created_at, modified_at) values (43, 'uno', 'Duis bibendum. Morbi non quam nec dui luctus rutrum. Nulla tellus.', 'Chickie', 'Aluin', '2022-08-30 10:25:06', '2022-08-30 18:40:45');
insert into article_comment (article_id, user_id, content, created_by, modified_by, created_at, modified_at) values (15, 'uno', 'Fusce posuere felis sed lacus. Morbi sem mauris, laoreet ut, rhoncus aliquet, pulvinar sed, nisl. Nunc rhoncus dui vel sem.', 'Erek', 'Zulema', '2022-11-14 18:26:33', '2023-02-24 08:45:59');
insert into article_comment (article_id, user_id, content, created_by, modified_by, created_at, modified_at) values (83, 'uno', 'Integer ac leo. Pellentesque ultrices mattis odio. Donec vitae nisi.', 'Aubry', 'Korie', '2022-06-25 09:31:57', '2022-06-20 00:33:58');
insert into article_comment (article_id, user_id, content, created_by, modified_by, created_at, modified_at) values (77, 'uno', 'Aenean lectus. Pellentesque eget nunc. Donec quis orci eget orci vehicula condimentum.', 'Albert', 'Clary', '2022-10-23 07:49:31', '2023-01-18 19:14:27');
insert into article_comment (article_id, user_id, content, created_by, modified_by, created_at, modified_at) values (11, 'uno', 'In sagittis dui vel nisl. Duis ac nibh. Fusce lacus purus, aliquet at, feugiat non, pretium quis, lectus.', 'Mona', 'Nancey', '2023-01-07 06:33:18', '2023-01-28 02:43:11');
insert into article_comment (article_id, user_id, content, created_by, modified_by, created_at, modified_at) values (1, 'uno', 'Morbi porttitor lorem id ligula. Suspendisse ornare consequat lectus. In est risus, auctor sed, tristique in, tempus sit amet, sem.', 'Diarmid', 'Merell', '2022-04-14 17:19:13', '2022-12-09 00:32:41');
insert into article_comment (article_id, user_id, content, created_by, modified_by, created_at, modified_at) values (18, 'uno', 'In hac habitasse platea dictumst. Etiam faucibus cursus urna. Ut tellus.', 'Francyne', 'Rasla', '2023-03-22 03:45:16', '2022-04-13 17:06:26');
insert into article_comment (article_id, user_id, content, created_by, modified_by, created_at, modified_at) values (62, 'uno', 'Duis bibendum. Morbi non quam nec dui luctus rutrum. Nulla tellus.', 'West', 'Gillan', '2022-10-22 21:39:13', '2022-09-26 05:26:23');
insert into article_comment (article_id, user_id, content, created_by, modified_by, created_at, modified_at) values (21, 'uno', 'Vestibulum quam sapien, varius ut, blandit non, interdum in, ante. Vestibulum ante ipsum primis in faucibus orci luctus et ultrices posuere cubilia Curae; Duis faucibus accumsan odio. Curabitur convallis.', 'Marin', 'Olga', '2023-01-06 18:34:51', '2022-05-03 08:08:10');
insert into article_comment (article_id, user_id, content, created_by, modified_by, created_at, modified_at) values (95, 'uno', 'Vestibulum ac est lacinia nisi venenatis tristique. Fusce congue, diam id ornare imperdiet, sapien urna pretium nisl, ut volutpat sapien arcu sed augue. Aliquam erat volutpat.', 'Noland', 'Kerri', '2022-10-14 09:58:13', '2022-11-01 04:21:03');
insert into article_comment (article_id, user_id, content, created_by, modified_by, created_at, modified_at) values (60, 'uno', 'Integer ac leo. Pellentesque ultrices mattis odio. Donec vitae nisi.', 'Esme', 'Nichol', '2022-05-11 18:25:41', '2022-11-19 17:44:20');
insert into article_comment (article_id, user_id, content, created_by, modified_by, created_at, modified_at) values (84, 'uno', 'Duis consequat dui nec nisi volutpat eleifend. Donec ut dolor. Morbi vel lectus in quam fringilla rhoncus.', 'Burch', 'Frankie', '2022-04-14 04:04:12', '2022-12-29 00:23:54');
insert into article_comment (article_id, user_id, content, created_by, modified_by, created_at, modified_at) values (98, 'uno', 'Proin interdum mauris non ligula pellentesque ultrices. Phasellus id sapien in sapien iaculis congue. Vivamus metus arcu, adipiscing molestie, hendrerit at, vulputate vitae, nisl.', 'Bogart', 'Dalenna', '2023-03-08 00:44:21', '2022-06-30 16:11:33');
insert into article_comment (article_id, user_id, content, created_by, modified_by, created_at, modified_at) values (19, 'uno', 'Maecenas tristique, est et tempus semper, est quam pharetra magna, ac consequat metus sapien ut nunc. Vestibulum ante ipsum primis in faucibus orci luctus et ultrices posuere cubilia Curae; Mauris viverra diam vitae quam. Suspendisse potenti.', 'Olenolin', 'Evangelin', '2022-07-24 19:59:23', '2022-12-11 11:04:17');
insert into article_comment (article_id, user_id, content, created_by, modified_by, created_at, modified_at) values (93, 'uno', 'Maecenas leo odio, condimentum id, luctus nec, molestie sed, justo. Pellentesque viverra pede ac diam. Cras pellentesque volutpat dui.', 'Aaron', 'Amelina', '2022-06-26 08:32:04', '2022-05-30 04:52:21');
insert into article_comment (article_id, user_id, content, created_by, modified_by, created_at, modified_at) values (64, 'uno', 'Nullam sit amet turpis elementum ligula vehicula consequat. Morbi a ipsum. Integer a nibh.', 'Marjorie', 'Robbie', '2022-07-11 10:31:18', '2022-11-01 09:40:10');
insert into article_comment (article_id, user_id, content, created_by, modified_by, created_at, modified_at) values (58, 'uno', 'In congue. Etiam justo. Etiam pretium iaculis justo.', 'Vernor', 'Beckie', '2023-03-11 05:56:15', '2022-05-28 15:05:41');
insert into article_comment (article_id, user_id, content, created_by, modified_by, created_at, modified_at) values (80, 'uno', 'Aenean fermentum. Donec ut mauris eget massa tempor convallis. Nulla neque libero, convallis eget, eleifend luctus, ultricies eu, nibh.', 'Cob', 'Rani', '2022-06-21 15:37:47', '2023-02-22 13:44:58');
insert into article_comment (article_id, user_id, content, created_by, modified_by, created_at, modified_at) values (44, 'uno', 'Fusce consequat. Nulla nisl. Nunc nisl.', 'Jessa', 'Dionis', '2022-09-24 14:12:04', '2023-03-04 13:13:38');
insert into article_comment (article_id, user_id, content, created_by, modified_by, created_at, modified_at) values (80, 'uno', 'Phasellus in felis. Donec semper sapien a libero. Nam dui.', 'Ellette', 'Corrinne', '2022-11-07 01:31:19', '2022-05-03 15:24:43');
insert into article_comment (article_id, user_id, content, created_by, modified_by, created_at, modified_at) values (45, 'uno', 'Proin eu mi. Nulla ac enim. In tempor, turpis nec euismod scelerisque, quam turpis adipiscing lorem, vitae mattis nibh ligula nec sem.', 'Karrie', 'Karola', '2022-08-30 21:14:01', '2022-10-16 15:01:56');
insert into article_comment (article_id, user_id, content, created_by, modified_by, created_at, modified_at) values (74, 'uno', 'Cras mi pede, malesuada in, imperdiet et, commodo vulputate, justo. In blandit ultrices enim. Lorem ipsum dolor sit amet, consectetuer adipiscing elit.', 'Madelaine', 'Nelia', '2022-08-19 02:37:29', '2022-05-06 19:36:30');
insert into article_comment (article_id, user_id, content, created_by, modified_by, created_at, modified_at) values (96, 'uno', 'Pellentesque at nulla. Suspendisse potenti. Cras in purus eu magna vulputate luctus.', 'Carie', 'Renado', '2022-09-19 10:53:39', '2023-01-12 13:54:07');
insert into article_comment (article_id, user_id, content, created_by, modified_by, created_at, modified_at) values (60, 'uno', 'Phasellus in felis. Donec semper sapien a libero. Nam dui.', 'Patrice', 'Fanny', '2022-07-15 02:24:44', '2022-11-26 07:10:25');
insert into article_comment (article_id, user_id, content, created_by, modified_by, created_at, modified_at) values (8, 'uno', 'Cras non velit nec nisi vulputate nonummy. Maecenas tincidunt lacus at velit. Vivamus vel nulla eget eros elementum pellentesque.', 'Wilfred', 'Kerstin', '2022-04-22 20:01:24', '2022-12-29 07:23:24');
insert into article_comment (article_id, user_id, content, created_by, modified_by, created_at, modified_at) values (39, 'uno', 'In congue. Etiam justo. Etiam pretium iaculis justo.', 'Thurstan', 'Leesa', '2022-04-29 05:10:26', '2023-01-19 06:47:44');
insert into article_comment (article_id, user_id, content, created_by, modified_by, created_at, modified_at) values (97, 'uno', 'In hac habitasse platea dictumst. Morbi vestibulum, velit id pretium iaculis, diam erat fermentum justo, nec condimentum neque sapien placerat ante. Nulla justo.', 'Lanita', 'Kary', '2022-12-03 21:28:41', '2022-09-23 10:56:51');
insert into article_comment (article_id, user_id, content, created_by, modified_by, created_at, modified_at) values (48, 'uno', 'Phasellus sit amet erat. Nulla tempus. Vivamus in felis eu sapien cursus vestibulum.', 'Wini', 'Xavier', '2022-07-06 13:06:01', '2022-09-19 16:40:44');
insert into article_comment (article_id, user_id, content, created_by, modified_by, created_at, modified_at) values (29, 'uno', 'Donec diam neque, vestibulum eget, vulputate ut, ultrices vel, augue. Vestibulum ante ipsum primis in faucibus orci luctus et ultrices posuere cubilia Curae; Donec pharetra, magna vestibulum aliquet ultrices, erat tortor sollicitudin mi, sit amet lobortis sapien sapien non mi. Integer ac neque.', 'Jessie', 'Eben', '2022-10-26 15:21:18', '2022-05-21 05:13:52');
insert into article_comment (article_id, user_id, content, created_by, modified_by, created_at, modified_at) values (69, 'uno', 'Quisque id justo sit amet sapien dignissim vestibulum. Vestibulum ante ipsum primis in faucibus orci luctus et ultrices posuere cubilia Curae; Nulla dapibus dolor vel est. Donec odio justo, sollicitudin ut, suscipit a, feugiat et, eros.', 'Ferne', 'Antoinette', '2022-09-15 01:50:14', '2022-06-04 22:21:45');
insert into article_comment (article_id, user_id, content, created_by, modified_by, created_at, modified_at) values (42, 'uno', 'Curabitur in libero ut massa volutpat convallis. Morbi odio odio, elementum eu, interdum eu, tincidunt in, leo. Maecenas pulvinar lobortis est.', 'Clayborne', 'Clevey', '2023-02-15 20:43:06', '2022-11-01 01:20:14');
insert into article_comment (article_id, user_id, content, created_by, modified_by, created_at, modified_at) values (27, 'uno', 'Proin interdum mauris non ligula pellentesque ultrices. Phasellus id sapien in sapien iaculis congue. Vivamus metus arcu, adipiscing molestie, hendrerit at, vulputate vitae, nisl.', 'Mic', 'Conrad', '2022-08-01 17:27:47', '2022-07-07 11:03:29');
insert into article_comment (article_id, user_id, content, created_by, modified_by, created_at, modified_at) values (47, 'uno', 'Morbi non lectus. Aliquam sit amet diam in magna bibendum imperdiet. Nullam orci pede, venenatis non, sodales sed, tincidunt eu, felis.', 'Abigale', 'Florry', '2022-04-01 13:18:01', '2022-05-08 16:05:24');
insert into article_comment (article_id, user_id, content, created_by, modified_by, created_at, modified_at) values (54, 'uno', 'Quisque porta volutpat erat. Quisque erat eros, viverra eget, congue eget, semper rutrum, nulla. Nunc purus.', 'Verge', 'Ebeneser', '2022-04-05 14:41:11', '2023-03-21 07:07:00');
insert into article_comment (article_id, user_id, content, created_by, modified_by, created_at, modified_at) values (31, 'uno', 'Quisque id justo sit amet sapien dignissim vestibulum. Vestibulum ante ipsum primis in faucibus orci luctus et ultrices posuere cubilia Curae; Nulla dapibus dolor vel est. Donec odio justo, sollicitudin ut, suscipit a, feugiat et, eros.', 'Jacobo', 'Blinni', '2022-08-15 07:47:18', '2022-07-12 22:28:48');
insert into article_comment (article_id, user_id, content, created_by, modified_by, created_at, modified_at) values (89, 'uno', 'Duis consequat dui nec nisi volutpat eleifend. Donec ut dolor. Morbi vel lectus in quam fringilla rhoncus.', 'Banky', 'Devina', '2022-08-01 23:44:17', '2022-09-02 10:07:43');
insert into article_comment (article_id, user_id, content, created_by, modified_by, created_at, modified_at) values (47, 'uno', 'Phasellus in felis. Donec semper sapien a libero. Nam dui.', 'Matthus', 'Cori', '2022-07-25 16:30:52', '2022-12-12 22:14:11');
insert into article_comment (article_id, user_id, content, created_by, modified_by, created_at, modified_at) values (36, 'uno', 'Praesent id massa id nisl venenatis lacinia. Aenean sit amet justo. Morbi ut odio.', 'Charmain', 'Jilly', '2023-03-01 03:38:56', '2022-04-12 06:28:10');
insert into article_comment (article_id, user_id, content, created_by, modified_by, created_at, modified_at) values (23, 'uno', 'In sagittis dui vel nisl. Duis ac nibh. Fusce lacus purus, aliquet at, feugiat non, pretium quis, lectus.', 'Thekla', 'Ives', '2022-04-26 21:13:14', '2022-09-04 23:24:32');
insert into article_comment (article_id, user_id, content, created_by, modified_by, created_at, modified_at) values (52, 'uno', 'Proin leo odio, porttitor id, consequat in, consequat ut, nulla. Sed accumsan felis. Ut at dolor quis odio consequat varius.', 'Amil', 'Mead', '2023-03-04 08:37:38', '2022-12-20 11:12:35');
insert into article_comment (article_id, user_id, content, created_by, modified_by, created_at, modified_at) values (35, 'uno', 'Duis bibendum, felis sed interdum venenatis, turpis enim blandit mi, in porttitor pede justo eu massa. Donec dapibus. Duis at velit eu est congue elementum.', 'Pru', 'Halsey', '2022-09-02 02:28:50', '2022-03-29 02:35:32');
insert into article_comment (article_id, user_id, content, created_by, modified_by, created_at, modified_at) values (85, 'uno', 'Phasellus in felis. Donec semper sapien a libero. Nam dui.', 'Eve', 'Madalena', '2022-10-25 08:03:56', '2022-11-15 22:00:43');
insert into article_comment (article_id, user_id, content, created_by, modified_by, created_at, modified_at) values (62, 'uno', 'Sed ante. Vivamus tortor. Duis mattis egestas metus.', 'Hannie', 'Eugenius', '2022-10-01 21:25:04', '2022-09-23 21:59:47');
insert into article_comment (article_id, user_id, content, created_by, modified_by, created_at, modified_at) values (43, 'uno', 'Proin leo odio, porttitor id, consequat in, consequat ut, nulla. Sed accumsan felis. Ut at dolor quis odio consequat varius.', 'Lyndsey', 'Wayland', '2022-12-24 11:32:38', '2022-06-24 21:12:06');
insert into article_comment (article_id, user_id, content, created_by, modified_by, created_at, modified_at) values (52, 'uno', 'Praesent blandit. Nam nulla. Integer pede justo, lacinia eget, tincidunt eget, tempus vel, pede.', 'Zane', 'Byrle', '2023-02-19 03:41:00', '2022-03-28 01:37:27');
insert into article_comment (article_id, user_id, content, created_by, modified_by, created_at, modified_at) values (28, 'uno', 'Proin eu mi. Nulla ac enim. In tempor, turpis nec euismod scelerisque, quam turpis adipiscing lorem, vitae mattis nibh ligula nec sem.', 'Irita', 'Dulcinea', '2022-04-15 17:26:22', '2022-04-26 10:31:54');
insert into article_comment (article_id, user_id, content, created_by, modified_by, created_at, modified_at) values (67, 'uno', 'Phasellus sit amet erat. Nulla tempus. Vivamus in felis eu sapien cursus vestibulum.', 'Loren', 'Emlyn', '2022-05-19 23:26:05', '2022-07-13 05:40:33');
insert into article_comment (article_id, user_id, content, created_by, modified_by, created_at, modified_at) values (90, 'uno', 'Curabitur gravida nisi at nibh. In hac habitasse platea dictumst. Aliquam augue quam, sollicitudin vitae, consectetuer eget, rutrum at, lorem.', 'Kimmie', 'Merrel', '2022-09-11 02:38:23', '2022-04-07 07:18:23');
insert into article_comment (article_id, user_id, content, created_by, modified_by, created_at, modified_at) values (34, 'uno', 'Duis aliquam convallis nunc. Proin at turpis a pede posuere nonummy. Integer non velit.', 'Davidde', 'Xylina', '2022-12-24 03:06:25', '2022-06-12 02:26:32');
insert into article_comment (article_id, user_id, content, created_by, modified_by, created_at, modified_at) values (51, 'uno', 'Maecenas ut massa quis augue luctus tincidunt. Nulla mollis molestie lorem. Quisque ut erat.', 'Zsa zsa', 'Mirelle', '2022-05-16 17:07:00', '2022-07-09 23:34:00');
insert into article_comment (article_id, user_id, content, created_by, modified_by, created_at, modified_at) values (29, 'uno', 'Phasellus sit amet erat. Nulla tempus. Vivamus in felis eu sapien cursus vestibulum.', 'Micheline', 'Humfrey', '2023-01-20 13:12:04', '2022-04-12 08:15:08');
insert into article_comment (article_id, user_id, content, created_by, modified_by, created_at, modified_at) values (88, 'uno', 'Phasellus in felis. Donec semper sapien a libero. Nam dui.', 'Kimberley', 'Shannon', '2022-04-05 13:16:50', '2022-11-20 21:03:58');
insert into article_comment (article_id, user_id, content, created_by, modified_by, created_at, modified_at) values (34, 'uno', 'Cras non velit nec nisi vulputate nonummy. Maecenas tincidunt lacus at velit. Vivamus vel nulla eget eros elementum pellentesque.', 'Cinderella', 'Daryl', '2022-09-28 00:03:44', '2022-07-14 20:13:44');
insert into article_comment (article_id, user_id, content, created_by, modified_by, created_at, modified_at) values (98, 'uno', 'Etiam vel augue. Vestibulum rutrum rutrum neque. Aenean auctor gravida sem.', 'Wakefield', 'Merrick', '2022-11-21 03:41:17', '2022-10-31 14:40:28');
insert into article_comment (article_id, user_id, content, created_by, modified_by, created_at, modified_at) values (31, 'uno', 'Aenean lectus. Pellentesque eget nunc. Donec quis orci eget orci vehicula condimentum.', 'Ameline', 'Joellen', '2022-10-13 23:41:49', '2022-06-24 07:35:05');
insert into article_comment (article_id, user_id, content, created_by, modified_by, created_at, modified_at) values (81, 'uno', 'Maecenas tristique, est et tempus semper, est quam pharetra magna, ac consequat metus sapien ut nunc. Vestibulum ante ipsum primis in faucibus orci luctus et ultrices posuere cubilia Curae; Mauris viverra diam vitae quam. Suspendisse potenti.', 'Dniren', 'Jeniffer', '2023-01-12 06:25:32', '2022-05-11 06:40:17');
insert into article_comment (article_id, user_id, content, created_by, modified_by, created_at, modified_at) values (50, 'uno', 'Vestibulum ac est lacinia nisi venenatis tristique. Fusce congue, diam id ornare imperdiet, sapien urna pretium nisl, ut volutpat sapien arcu sed augue. Aliquam erat volutpat.', 'Umeko', 'Ebenezer', '2022-12-27 08:43:32', '2022-11-11 09:39:41');
insert into article_comment (article_id, user_id, content, created_by, modified_by, created_at, modified_at) values (39, 'uno', 'Nullam sit amet turpis elementum ligula vehicula consequat. Morbi a ipsum. Integer a nibh.', 'Winne', 'Brigham', '2022-11-08 15:52:10', '2022-07-15 08:37:21');
insert into article_comment (article_id, user_id, content, created_by, modified_by, created_at, modified_at) values (59, 'uno', 'Cum sociis natoque penatibus et magnis dis parturient montes, nascetur ridiculus mus. Vivamus vestibulum sagittis sapien. Cum sociis natoque penatibus et magnis dis parturient montes, nascetur ridiculus mus.', 'Barth', 'Bernice', '2022-11-07 06:55:04', '2022-04-09 22:31:54');
insert into article_comment (article_id, user_id, content, created_by, modified_by, created_at, modified_at) values (1, 'uno', 'Fusce posuere felis sed lacus. Morbi sem mauris, laoreet ut, rhoncus aliquet, pulvinar sed, nisl. Nunc rhoncus dui vel sem.', 'Sonja', 'Camila', '2022-10-05 02:25:58', '2022-04-18 14:33:12');
insert into article_comment (article_id, user_id, content, created_by, modified_by, created_at, modified_at) values (76, 'uno', 'Nam ultrices, libero non mattis pulvinar, nulla pede ullamcorper augue, a suscipit nulla elit ac nulla. Sed vel enim sit amet nunc viverra dapibus. Nulla suscipit ligula in lacus.', 'Karmen', 'Malorie', '2022-11-17 00:43:21', '2023-03-05 05:29:24');
insert into article_comment (article_id, user_id, content, created_by, modified_by, created_at, modified_at) values (73, 'uno', 'Aenean fermentum. Donec ut mauris eget massa tempor convallis. Nulla neque libero, convallis eget, eleifend luctus, ultricies eu, nibh.', 'Alastair', 'Gabbey', '2022-09-01 02:08:11', '2022-09-16 22:07:47');
insert into article_comment (article_id, user_id, content, created_by, modified_by, created_at, modified_at) values (36, 'uno', 'Cras non velit nec nisi vulputate nonummy. Maecenas tincidunt lacus at velit. Vivamus vel nulla eget eros elementum pellentesque.', 'Adrian', 'Derrik', '2022-10-17 01:39:13', '2022-05-12 08:39:01');
insert into article_comment (article_id, user_id, content, created_by, modified_by, created_at, modified_at) values (53, 'uno', 'Fusce consequat. Nulla nisl. Nunc nisl.', 'Johannes', 'Suzanna', '2022-07-24 15:56:27', '2022-08-21 10:43:27');
insert into article_comment (article_id, user_id, content, created_by, modified_by, created_at, modified_at) values (8, 'uno', 'Quisque porta volutpat erat. Quisque erat eros, viverra eget, congue eget, semper rutrum, nulla. Nunc purus.', 'Corbet', 'Beauregard', '2022-04-11 12:20:30', '2023-01-04 11:47:38');
insert into article_comment (article_id, user_id, content, created_by, modified_by, created_at, modified_at) values (79, 'uno', 'Donec diam neque, vestibulum eget, vulputate ut, ultrices vel, augue. Vestibulum ante ipsum primis in faucibus orci luctus et ultrices posuere cubilia Curae; Donec pharetra, magna vestibulum aliquet ultrices, erat tortor sollicitudin mi, sit amet lobortis sapien sapien non mi. Integer ac neque.', 'Morlee', 'Vernon', '2022-05-04 22:37:53', '2022-05-23 21:36:10');
insert into article_comment (article_id, user_id, content, created_by, modified_by, created_at, modified_at) values (42, 'uno', 'Sed sagittis. Nam congue, risus semper porta volutpat, quam pede lobortis ligula, sit amet eleifend pede libero quis orci. Nullam molestie nibh in lectus.', 'Marys', 'Ario', '2022-12-14 04:31:26', '2022-10-22 18:16:55');
insert into article_comment (article_id, user_id, content, created_by, modified_by, created_at, modified_at) values (5, 'uno', 'Integer ac leo. Pellentesque ultrices mattis odio. Donec vitae nisi.', 'Giulietta', 'Hubey', '2023-02-27 16:51:36', '2022-08-07 21:46:25');
insert into article_comment (article_id, user_id, content, created_by, modified_by, created_at, modified_at) values (22, 'uno', 'Sed sagittis. Nam congue, risus semper porta volutpat, quam pede lobortis ligula, sit amet eleifend pede libero quis orci. Nullam molestie nibh in lectus.', 'Elsi', 'Fiona', '2022-05-08 00:05:39', '2022-08-01 23:44:36');
insert into article_comment (article_id, user_id, content, created_by, modified_by, created_at, modified_at) values (100, 'uno', 'Phasellus sit amet erat. Nulla tempus. Vivamus in felis eu sapien cursus vestibulum.', 'Robin', 'Winslow', '2022-03-30 17:52:25', '2022-05-25 09:33:39');
insert into article_comment (article_id, user_id, content, created_by, modified_by, created_at, modified_at) values (76, 'uno', 'Lorem ipsum dolor sit amet, consectetuer adipiscing elit. Proin risus. Praesent lectus.', 'Binny', 'Fredi', '2022-07-28 13:54:15', '2023-02-26 11:52:37');
insert into article_comment (article_id, user_id, content, created_by, modified_by, created_at, modified_at) values (4, 'uno', 'Integer ac leo. Pellentesque ultrices mattis odio. Donec vitae nisi.', 'Janeta', 'Janette', '2022-04-15 13:05:23', '2022-11-06 00:42:05');
insert into article_comment (article_id, user_id, content, created_by, modified_by, created_at, modified_at) values (2, 'uno', 'In hac habitasse platea dictumst. Etiam faucibus cursus urna. Ut tellus.', 'Linnet', 'Valry', '2022-07-25 17:28:43', '2022-11-24 03:39:46');
insert into article_comment (article_id, user_id, content, created_by, modified_by, created_at, modified_at) values (99, 'uno', 'Vestibulum ac est lacinia nisi venenatis tristique. Fusce congue, diam id ornare imperdiet, sapien urna pretium nisl, ut volutpat sapien arcu sed augue. Aliquam erat volutpat.', 'Stormy', 'Randolph', '2022-09-25 14:46:02', '2023-03-03 17:04:44');
insert into article_comment (article_id, user_id, content, created_by, modified_by, created_at, modified_at) values (21, 'uno', 'Aenean fermentum. Donec ut mauris eget massa tempor convallis. Nulla neque libero, convallis eget, eleifend luctus, ultricies eu, nibh.', 'Peyton', 'Stevena', '2022-06-21 01:21:11', '2022-09-16 00:14:19');
insert into article_comment (article_id, user_id, content, created_by, modified_by, created_at, modified_at) values (40, 'uno', 'Suspendisse potenti. In eleifend quam a odio. In hac habitasse platea dictumst.', 'Anabella', 'Anabel', '2023-01-30 19:29:07', '2022-10-04 02:33:05');
insert into article_comment (article_id, user_id, content, created_by, modified_by, created_at, modified_at) values (90, 'uno', 'Morbi non lectus. Aliquam sit amet diam in magna bibendum imperdiet. Nullam orci pede, venenatis non, sodales sed, tincidunt eu, felis.', 'Etta', 'Kelsy', '2022-04-05 11:07:25', '2022-04-30 03:16:09');
insert into article_comment (article_id, user_id, content, created_by, modified_by, created_at, modified_at) values (83, 'uno', 'Duis aliquam convallis nunc. Proin at turpis a pede posuere nonummy. Integer non velit.', 'Tarrance', 'Aveline', '2023-02-28 20:17:08', '2022-11-07 20:44:19');
insert into article_comment (article_id, user_id, content, created_by, modified_by, created_at, modified_at) values (6, 'uno', 'Nam ultrices, libero non mattis pulvinar, nulla pede ullamcorper augue, a suscipit nulla elit ac nulla. Sed vel enim sit amet nunc viverra dapibus. Nulla suscipit ligula in lacus.', 'Danit', 'Jessie', '2022-07-27 19:12:08', '2022-11-15 08:24:10');
insert into article_comment (article_id, user_id, content, created_by, modified_by, created_at, modified_at) values (25, 'uno', 'Maecenas ut massa quis augue luctus tincidunt. Nulla mollis molestie lorem. Quisque ut erat.', 'Karleen', 'Cosette', '2023-01-08 17:59:29', '2022-06-29 06:10:59');
insert into article_comment (article_id, user_id, content, created_by, modified_by, created_at, modified_at) values (20, 'uno', 'Cras non velit nec nisi vulputate nonummy. Maecenas tincidunt lacus at velit. Vivamus vel nulla eget eros elementum pellentesque.', 'Alice', 'Beatriz', '2022-10-06 22:09:40', '2022-06-17 04:44:46');
insert into article_comment (article_id, user_id, content, created_by, modified_by, created_at, modified_at) values (40, 'uno', 'Proin eu mi. Nulla ac enim. In tempor, turpis nec euismod scelerisque, quam turpis adipiscing lorem, vitae mattis nibh ligula nec sem.', 'Olenolin', 'Romola', '2022-12-11 22:53:07', '2022-06-19 12:03:41');
insert into article_comment (article_id, user_id, content, created_by, modified_by, created_at, modified_at) values (12, 'uno', 'Nulla ut erat id mauris vulputate elementum. Nullam varius. Nulla facilisi.', 'Ronnie', 'Avrit', '2022-07-06 22:55:46', '2022-11-18 19:23:16');
insert into article_comment (article_id, user_id, content, created_by, modified_by, created_at, modified_at) values (45, 'uno', 'Curabitur at ipsum ac tellus semper interdum. Mauris ullamcorper purus sit amet nulla. Quisque arcu libero, rutrum ac, lobortis vel, dapibus at, diam.', 'Corene', 'Byrle', '2022-04-02 18:45:36', '2022-11-23 14:16:12');
insert into article_comment (article_id, user_id, content, created_by, modified_by, created_at, modified_at) values (82, 'uno', 'In sagittis dui vel nisl. Duis ac nibh. Fusce lacus purus, aliquet at, feugiat non, pretium quis, lectus.', 'Johnny', 'Richard', '2022-11-04 12:59:48', '2022-10-20 19:07:35');

